情境,SIT_XT_UX_Cpu_WaitIO,SIT_XT_UX_Dsk_Inodes,SIT_XT_UX_Dsk_Inodes1,SIT_XT_UX_Dsk_SpaceUsedPct,SIT_XT_UX_Dsk_SpaceUsedPct1,SIT_XT_UX_Dsk_SpaceUsedPct2,SIT_XT_UX_Dsk_SpaceUsedPct3,SIT_XT_UX_Dsk_SpaceUsedPct4,SIT_XT_UX_Fil_JavaCoreExist,SIT_XT_UX_Fil_JavaCoreExist1,SIT_XT_UX_Fil_JavaCoreExist2,SIT_XT_UX_Fil_JavaCoreExist_ASGSP03,SIT_XT_UX_Fil_HostsPasswdChg,SIT_XT_UX_Fil_MqErrorLog,SIT_XT_UX_Fil_TaddmScripts,SIT_XT_UX_Mem_AIXSwap,SIT_XT_UX_Mem_AIXSwap1,SIT_XT_UX_Mem_AIXSwap2,SIT_XT_UX_Mem_AIXSwap3,SIT_XT_UX_Mem_AIXSwap4,SIT_XT_UX_Mem_AIXSwap5,SIT_XT_UX_Mem_AIXSwap6,SIT_XT_UX_Mem_AIXSwap7,SIT_XT_UX_Prc_Amqzxma0Missed,SIT_XT_UX_Prc_Amqzxma0Missed_NE2,SIT_XT_UX_Prc_Db2syscMissed,SIT_XT_UX_Prc_MBMissed,SIT_XT_UX_Prc_Snadaemon64Missed,SIT_XT_UX_Prc_ZombieNum,SIT_XT_UX_Prc_ZombieNum1,SIT_XT_UX_Prc_Dd2syscMissed_NE2,SIT_XT_SB_UL_Errpt_PH,SIT_SB_UL_Errp_AE,SIT_SB_UL_Errp_ED,SIT_XT_UL_Errp_PH,SIT_XT_UL_Errp_PS,SIT_XT_UL_Errp_LVM,SIT_XT_UL_Errp_UH,SIT_SB_UL_Errp_ENRM,SIT_SB_UL_Errp_ETCFA,SIT_XT_UL_NFS_MessageErr,SIT_XT_UL_HA_NetworkDown,SIT_XT_UL_HA_NodeDown,SIT_XT_UL_HA_ServerStop,SIT_XT_UL_HA_Switch,SIT_XT_UL_MonitorStatus_err,SIT_XT_UL_HPSyslog_Pathdead,SIT_XT_PX_PhyStalePart,SIT_XT_PX_Cpu_CapUsedPct,SIT_XT_PX_Cpu_Statdaemon,SIT_XT_PX_Cpu_CapUsedPct1,SIT_XT_PX_Cpu_CapUsedPct2,SIT_XT_UD_ConnectionsInc_ALL,SIT_XT_UD_Diaglog_Errors,SIT_XT_UD_Diaglog_Logisfull,SIT_XT_UD_Instance_Status,SIT_XT_UD_LockDeads_ALL,SIT_XT_UD_LockEscals_ALL,SIT_XT_UD_LockTImeouts_ALL,SIT_XT_UD_LockWaits_ALL,SIT_XT_UD_LogSpace_UsedPct,SIT_XT_UD_LogSpace_UsedPct1,SIT_XT_UD_LogSpace_UsedPct2,SIT_XT_UD_LogSpace_UsedPct3,SIT_XT_UD_LogSpace_UsedPct4,SIT_XT_UD_LogSpace_UsedPct5,SIT_XT_UD_TBS_Status,SIT_XT_UD_TBS_Status1,SIT_XT_UD_TBS_Status2,SIT_XT_UD_TBS_UsedPct,SIT_XT_UD_TBS_UsedPct1,SIT_XT_UD_TBS_UsedPct2,SIT_XT_UD_TBS_UsedPct3,SIT_XT_UD_Connections1_DBESBWMB,SIT_XT_UD_Connections2_DB_ESB_WMB,SIT_XT_UD_Connections3_DB_ESB_WMB,SIT_XT_UD_Connections_DBESBWMB,SIT_XT_UD_LockDeads_DBESBWMB,SIT_XT_MQ_ChlStatus,SIT_XT_MQ_ChlStatus1,SIT_XT_MQ_CsvStatus,SIT_XT_MQ_DlqDefined,SIT_XT_MQ_Error_Log,SIT_XT_MQ_Error1_Log,SIT_XT_MQ_Error2_Log,SIT_XT_MQ_LsrStatus,SIT_XT_MQ_QmgrInactive,SIT_XT_MQ_Que_DeadNum,SIT_XT_MQ_Que_DeadNum1,SIT_XT_MQ_Que_DeadNum2,SIT_XT_MQ_Que_Deep_C,SIT_XT_MQ_Que_Deep_ASESB1002,SIT_XT_MQ_Que_Deep_ASESB1003,SIT_XT_MQ_Que_Deep_ASESB1004,SIT_XT_MQ_Que_Deep_ASESB1005,SIT_XT_MQ_Que_Deep_ASESB1007,SIT_XT_MQ_Que_Deep_ASESB1009,SIT_XT_MQ_Que_Deep_ASESB1011,SIT_XT_MQ_Que_Deep_ASESB1012,SIT_XT_MQ_Que_Deep_ASESB401,SIT_XT_MQ_Que_Deep_ASESB402,SIT_XT_MQ_Que_Deep_ASESB403,SIT_XT_MQ_Que_Deep_ASESB404,SIT_XT_MQ_Que_Deep_ASESB405,SIT_XT_MQ_Que_Deep_ASESB406,SIT_XT_MQ_Que_Deep_ASESB407,SIT_XT_MQ_Que_Deep_ASESB408,SIT_XT_MQ_Que_Deep_ASESB410,SIT_XT_MQ_Que_Deep_ASESB411,SIT_XT_MQ_Que_Deep_ASESB412,SIT_XT_MQ_Que_Deep_ASESB501,SIT_XT_MQ_Que_Deep_ASESB502,SIT_XT_MQ_Que_Deep_ASESB503,SIT_XT_MQ_Que_Deep_ASESB504,SIT_XT_MQ_Que_Deep_ASESB505,SIT_XT_MQ_Que_Deep_ASESB506,SIT_XT_MQ_Que_Deep_ASESB507,SIT_XT_MQ_Que_Deep_ASESB508,SIT_XT_MQ_Que_Deep_ASESB510,SIT_XT_MQ_Que_Deep_ASESB511,SIT_XT_MQ_Que_Deep_ASESB513,SIT_XT_MQ_Que_Deep_ASESB601,SIT_XT_MQ_Que_Deep_ASESB602,SIT_XT_MQ_Que_Deep_ASESB603,SIT_XT_MQ_Que_Deep_ASESB604,SIT_XT_MQ_Que_Deep_ASESB605,SIT_XT_MQ_Que_Deep_ASESB606,SIT_XT_MQ_Que_Deep_ASESB607,SIT_XT_MQ_Que_Deep_ASESB608,SIT_XT_MQ_Que_Deep_ASESB610,SIT_XT_MQ_Que_Deep_ASESB612,SIT_XT_MQ_Que_Deep_ASESB613,SIT_XT_MQ_Que_Deep_ASESB701,SIT_XT_MQ_Que_Deep_ASESB702,SIT_XT_MQ_Que_Deep_ASESB703,SIT_XT_MQ_Que_Deep_ASESB704,SIT_XT_MQ_Que_Deep_ASESB705,SIT_XT_MQ_Que_Deep_ASESB706,SIT_XT_MQ_Que_Deep_ASESB707,SIT_XT_MQ_Que_Deep_ASESB708,SIT_XT_MQ_Que_Deep_ASESB710,SIT_XT_MQ_Que_Deep_ASESB711,SIT_XT_MQ_Que_Deep_ASESB712,SIT_XT_MQ_Que_Deep_ASESB801,SIT_XT_MQ_Que_Deep_ASESB802,SIT_XT_MQ_Que_Deep_ASESB803,SIT_XT_MQ_Que_Deep_ASESB805,SIT_XT_MQ_Que_Deep_ASESB806,SIT_XT_MQ_Que_Deep_ASESB807,SIT_XT_MQ_Que_Deep_ASESB808,SIT_XT_MQ_Que_Deep_ASESB810,SIT_XT_MQ_Que_Deep_ASESB812,SIT_XT_MQ_Que_Deep_ASESB901,SIT_XT_MQ_Que_Deep_ASESB902,SIT_XT_MQ_Que_Deep_ASESB903,SIT_XT_MQ_Que_Deep_ASESB904,SIT_XT_MQ_Que_Deep_ASESB905,SIT_XT_MQ_Que_Deep_ASESB907,SIT_XT_MQ_Que_Deep_ASESB909,SIT_XT_MQ_Que_Deep_ASESB911,SIT_XT_MQ_Que_Deep_ASESB912,SIT_XT_MQ_Que_Deep_GWESB1,SIT_XT_MQ_Que_Deep_GWESB101,SIT_XT_MQ_Que_Deep_GWESB102,SIT_XT_MQ_Que_Deep_GWESB2,SIT_XT_MQ_Que_Deep_GWESB201,SIT_XT_MQ_Que_Deep_GWESB202,SIT_XT_MQ_Que_Deep_GWESB203,SIT_XT_MQ_Que_Deep_GWESB204,SIT_XT_MQ_Que_Deep_GWESB205,SIT_XT_MQ_Que_Deep_GWESB3,SIT_XT_MQ_Que_Deep_GWESB301,SIT_XT_MQ_Que_Deep_GWESB302,SIT_XT_MQ_Que_Deep_GWESB4,SIT_XT_MQ_Que_Deep_GWESB401,SIT_XT_MQ_Que_Deep_GWESB402,SIT_XT_MQ_Que_DeepPct0,SIT_XT_MQ_Que_DeepPct2,SIT_XT_MQ_Que_DeepPct3,SIT_XT_MQ_Que_DeepPct4,SIT_XT_MQ_Que_DeepPct5,SIT_XT_MQ_QUE_Deep_ASESB1001,SIT_XT_MQ_Que_Deep_ASESB,SIT_XT_MQ_Que_Deep_ASESB13,SIT_XT_MQ_Que_Deep_ASESB1301,SIT_XT_MQ_Que_Deep_ASESB14,SIT_XT_MQ_Que_Deep_ASESB1401,SIT_XT_MQ_Que_Deep_ASESB811,SIT_XT_MQ_Que_Deep_GWESB206,SIT_XT_MQ_Que_Deep_GWESB403,SIT_XT_MQ_Que_Input_GWESB2,SIT_XT_MQ_Que_Input_GWESB4,SIT_XT_UA_C10_LogSpace_UsedPct1,SIT_XT_UA_C10_LogSpace_UsedPct2,SIT_XT_UA_C10_LogSpace_UsedPct3,SIT_XT_UA_C10_LogSpace_UsedPct4,SIT_XT_UA_C10_LogSpace_UsedPct5,SIT_XT_UA_C10_LogSpace_UsedPct,SIT_XT_UA_C4_SNALink,SIT_XT_UA_C4_SNASessNum,SIT_XT_UA_C8_Ping
告警等级,2,2,2,2,3,3,3,3,3,3,3,3,2,2,2,2,2,2,3,3,3,3,3,3,3,3,3,3,2,2,,2,2,2,2,2,2,2,2,2,2,3,3,3,3,2,3,2,2,2,2,,2,2,4,3,,2,2,2,2,3,3,4,3,3,2,2,3,2,3,3,3,2,,,2,2,2,2,2,2,,2,2,2,3,3,3,3,2,,,,,,,,,2,2,2,2,3,3,3,3,3,2,3,2,2,2,2,3,3,3,3,3,3,2,2,2,2,2,3,3,3,3,3,3,2,2,2,2,2,3,3,3,3,3,3,3,2,3,2,3,3,2,3,3,3,2,3,3,2,3,2,3,3,3,2,3,3,2,3,3,3,3,3,2,3,3,2,3,3,2,3,3,3,3,2,,2,2,,,2,2,2,2,2,3,3,3,3,4,2,2,3,3
通知方式,邮件通知,邮件通知,邮件和短信通知,邮件和短信通知,邮件和短信通知,邮件和短信通知,邮件和短信通知,邮件和短信通知,邮件和短信通知,邮件和短信通知,邮件和短信通知,邮件和短信通知,邮件和短信通知,邮件和短信通知,邮件和短信通知,邮件和短信通知,邮件和短信通知,邮件和短信通知,邮件和短信通知,邮件和短信通知,邮件和短信通知,邮件和短信通知,邮件和短信通知,邮件和短信通知,邮件和短信通知,邮件和短信通知,邮件和短信通知,邮件和短信通知,邮件通知,邮件和短信通知,,邮件和短信通知,邮件和短信通知,邮件和短信通知,邮件通知,邮件通知,邮件和短信通知,邮件通知,邮件和短信通知,邮件和短信通知,邮件和短信通知,邮件和短信通知,邮件和短信通知,邮件和短信通知,邮件和短信通知,邮件和短信通知,邮件和短信通知,邮件和短信通知,邮件和短信通知,邮件和短信通知,邮件和短信通知,,邮件和短信通知,邮件通知,邮件和短信通知,邮件和短信通知,,邮件通知,邮件和短信通知,邮件通知,邮件和短信通知,邮件和短信通知,邮件和短信通知,邮件和短信通知,邮件和短信通知,邮件和短信通知,邮件和短信通知,邮件通知,邮件和短信通知,邮件通知,邮件和短信通知,邮件和短信通知,邮件和短信通知,邮件和短信通知,,,邮件和短信通知,邮件和短信通知,邮件和短信通知,邮件和短信通知,邮件和短信通知,邮件和短信通知,,邮件和短信通知,邮件和短信通知,邮件和短信通知,邮件和短信通知,邮件和短信通知,邮件和短信通知,邮件和短信通知,邮件和短信通知,,,,,,,,,邮件通知,邮件通知,邮件通知,邮件通知,邮件和短信通知,邮件和短信通知,邮件和短信通知,邮件和短信通知,邮件和短信通知,邮件和短信通知,邮件和短信通知,邮件通知,邮件通知,邮件通知,邮件和短信通知,邮件和短信通知,邮件和短信通知,邮件和短信通知,邮件和短信通知,邮件和短信通知,邮件和短信通知,邮件通知,邮件通知,邮件通知,邮件通知,邮件和短信通知,邮件和短信通知,邮件和短信通知,邮件和短信通知,邮件和短信通知,邮件和短信通知,邮件和短信通知,邮件和短信通知,邮件通知,邮件通知,邮件通知,邮件通知,邮件和短信通知,邮件和短信通知,邮件和短信通知,邮件和短信通知,邮件和短信通知,邮件和短信通知,邮件和短信通知,邮件通知,邮件和短信通知,邮件通知,邮件和短信通知,邮件和短信通知,邮件通知,邮件和短信通知,邮件和短信通知,邮件和短信通知,邮件通知,邮件和短信通知,邮件和短信通知,邮件通知,邮件和短信通知,邮件通知,邮件和短信通知,邮件和短信通知,邮件和短信通知,邮件通知,邮件和短信通知,邮件和短信通知,邮件通知,邮件和短信通知,邮件和短信通知,邮件和短信通知,邮件和短信通知,邮件和短信通知,邮件通知,邮件和短信通知,邮件和短信通知,邮件通知,邮件和短信通知,邮件和短信通知,邮件和短信通知,邮件和短信通知,邮件和短信通知,邮件和短信通知,邮件和短信通知,邮件通知,,邮件和短信通知,邮件和短信通知,,,邮件通知,邮件和短信通知,邮件和短信通知,邮件和短信通知,邮件和短信通知,邮件和短信通知,邮件和短信通知,邮件和短信通知,邮件和短信通知,邮件和短信通知,邮件和短信通知,邮件和短信通知,邮件和短信通知,邮件和短信通知
告警类型,CPU使用率,文件系统使用率,文件系统使用率,文件系统使用率,文件系统使用率,文件系统使用率,文件系统使用率,文件系统使用率,Javacore文件,Javacore文件,Javacore文件,Javacore文件,文件修改删除,文件修改删除,文件修改删除,AIX_SWAP使用率,AIX_SWAP使用率,AIX_SWAP使用率,AIX_SWAP使用率,AIX_SWAP使用率,AIX_SWAP使用率,AIX_SWAP使用率,AIX_SWAP使用率,进程丢失,进程丢失,进程丢失,进程丢失,进程丢失,僵死进程,僵死进程,Non,AIX_errpt日志,AIX_errpt日志,AIX_errpt日志,AIX_errpt日志,AIX_errpt日志,AIX_errpt日志,AIX_errpt日志,AIX_errpt日志,AIX_errpt日志,Linux_日志,HA日志,HA日志,HA日志,HA日志,errpt监控状态,HP_Syslog日志,物理卷状态,CPU使用率,进程CPU使用率,Non,Non,数据库应用连接数,诊断日志,诊断日志,实例状态,数据库锁,数据库锁,数据库锁,数据库锁,日志空间使用率,日志空间使用率,日志空间使用率,日志空间使用率,日志空间使用率,日志空间使用率,表空间状态,表空间状态,表空间状态,表空间使用率,表空间使用率,表空间使用率,表空间使用率,Non,Non,Non,Non,Non,MQ通道状态,MQ通道状态,MQ_CSV状态,MQ死信,MQ错误日志,MQ错误日志,MQ错误日志,MQ侦听器状态,MQ队列管理器状态,MQ队列深度,MQ队列深度,MQ队列深度,MQ队列深度,MQ队列深度,MQ队列深度,MQ队列深度,MQ队列深度,MQ队列深度,MQ队列深度,MQ队列深度,MQ队列深度,MQ队列深度,MQ队列深度,MQ队列深度,MQ队列深度,MQ队列深度,MQ队列深度,MQ队列深度,MQ队列深度,MQ队列深度,MQ队列深度,MQ队列深度,MQ队列深度,MQ队列深度,MQ队列深度,MQ队列深度,MQ队列深度,MQ队列深度,MQ队列深度,MQ队列深度,MQ队列深度,MQ队列深度,MQ队列深度,MQ队列深度,MQ队列深度,MQ队列深度,MQ队列深度,MQ队列深度,MQ队列深度,MQ队列深度,MQ队列深度,MQ队列深度,MQ队列深度,MQ队列深度,MQ队列深度,MQ队列深度,MQ队列深度,MQ队列深度,MQ队列深度,MQ队列深度,MQ队列深度,MQ队列深度,MQ队列深度,MQ队列深度,MQ队列深度,MQ队列深度,MQ队列深度,MQ队列深度,MQ队列深度,MQ队列深度,MQ队列深度,MQ队列深度,MQ队列深度,MQ队列深度,MQ队列深度,MQ队列深度,MQ队列深度,MQ队列深度,MQ队列深度,MQ队列深度,MQ队列深度,MQ队列深度,MQ队列深度,MQ队列深度,MQ队列深度,MQ队列深度,MQ队列深度,MQ队列深度,MQ队列深度,MQ队列深度,MQ队列深度,MQ队列深度,MQ队列深度,MQ队列深度,MQ队列深度,MQ队列深度,MQ队列深度,MQ队列深度,MQ队列深度,MQ队列深度,MQ队列深度,MQ队列深度,MQ队列深度,Non,Non,Non,Non,Non,Non,Non,Non,Non,Non,Non,Non,Non,Non,Non,Non,Non,SNA,SNA,Ping
分类,UX,UX,UX,UX,UX,UX,UX,UX,UX,UX,UX,UX,UX,UX,UX,UX,UX,UX,UX,UX,UX,UX,UX,UX,UX,UX,UX,UX,UX,UX,UX,UL,UL,UL,UL,UL,UL,UL,UL,UL,UL,UL,UL,UL,UL,UL,UL,PX,PX,PX,PX,PX,UD,UD,UD,UD,UD,UD,UD,UD,UD,UD,UD,UD,UD,UD,UD,UD,UD,UD,UD,UD,UD,UD,UD,UD,UD,UD,MQ,MQ,MQ,MQ,MQ,MQ,MQ,MQ,MQ,MQ,MQ,MQ,MQ,MQ,MQ,MQ,MQ,MQ,MQ,MQ,MQ,MQ,MQ,MQ,MQ,MQ,MQ,MQ,MQ,MQ,MQ,MQ,MQ,MQ,MQ,MQ,MQ,MQ,MQ,MQ,MQ,MQ,MQ,MQ,MQ,MQ,MQ,MQ,MQ,MQ,MQ,MQ,MQ,MQ,MQ,MQ,MQ,MQ,MQ,MQ,MQ,MQ,MQ,MQ,MQ,MQ,MQ,MQ,MQ,MQ,MQ,MQ,MQ,MQ,MQ,MQ,MQ,MQ,MQ,MQ,MQ,MQ,MQ,MQ,MQ,MQ,MQ,MQ,MQ,MQ,MQ,MQ,MQ,MQ,MQ,MQ,MQ,MQ,MQ,MQ,MQ,MQ,MQ,MQ,MQ,MQ,MQ,MQ,MQ,MQ,MQ,MQ,MQ,MQ,C1,C1,C1,C1,C1,C1,C4,C4,C8
中文解释,以10分钟为间隔连续6次检查属性Wait_I/O大于40%,文件系统的Inodes的使用率超过80%小于90%,文件系统的Inodes的使用率超过90%,除/softinstall/install/cdrom3个文件系统外其余文件系统使用率大于70%小于80%,除/softinstall/install/cdrom3个文件系统外其余文件系统使用率大于80%小于90%,除/softinstall/install/cdrom3个文件系统外其余文件系统使用率大于90%小于95%,除/softinstall/install/cdrom3个文件系统外其余文件系统使用率大于95%,除/softinstall/install/cdrom3个文件系统外其余文件系统使用率等于100%,检测到WAS的安装目录/opt/WebSphere/AppServer或者/usr/IBM/WebSphere/AppServer下发现javacore文件,检测到WAS的安装目录/opt/IBM/WebSphere/AppServer/profiles/AppSrv01或者/opt/IBM/WebSphere/AppServer/profiles/Dmgr01或者/usr/IBM/WebSphere/AppServer/profiles/AppSrv01下发现javacore文件,检测到WAS的安装目录/usr/IBM/WebSphere/AppServer/profiles/Dmgr01或者/usr/WebSphere/AppServer或者/wasdump下发现javacore文件,检测到WAS的安装目录/home/gspapp03/GeneralAdapter下发现javacore文件,/etc/hosts或/etc/passwd在15分钟内被修改,检测到/var/mqm/errors/目录下有后缀为.FDC的文件生成,检测到/sysmgm/taddm目录下文件被修改,Swap使用百分比大于等于15%小于20%,Swap使用百分比大于等于20%小于30%,Swap使用百分比大于等于30%小于40%,Swap使用百分比大于等于40%小于70%,Swap使用百分比大于等于70%小于90%,Swap使用百分比大于等于90%小于100%,Swap使用百分比大于等于80%小于90%,Swap使用百分比大于等于90%小于100%,检测到Amqzxma进程丢失,检测到Amqzxma进程数量不等于2,检测到dbsysc进程丢失,检测到bipservice或biphttplistener或bipbroker进程丢失,检测到snadaemon64进程丢失,系统当前僵尸进程数量大于100个,系统当前僵尸进程数量大于130个,Non,检测到ERRPTlog里有未知硬件错误,检测到ERRPTlog里有Adapter_Error错误,检测到ERRPTlog里有Ethernet_Down错误,检测到ERRPTlog里有永久类型的硬件错误,检测到ERRPTlog里有软件错误,检测到errlog中出现I/OERRORDETECTEDBYLVM字样,检测到ERRPTlog里有未知硬件错误,检测到ERRPTlog里有Ethernet_Network_Recovery_Mode错误,检测到ERRPTlog里有EEH_temporary_error_for_adapter错误,检测到messages中出现notresponding字样,但检测到cluster.log日志包含有network_down字样,但检测到cluster.log日志包含有node_down字样,但检测到cluster.log日志包含有stop_server字样,检测到cluster.log日志包含acquire_takeover_addr字样,检测到监控日志的状态不为Running,检测到syslog.log中出现isdead字样,检测到物理卷上stale分区数量大于0,检测到物理CPU连续一小时使用率大于90%,检测到statdaemon进程的cpu是用来大于等于10%,Non,Non,检测到当前数据库连接数10分钟内增加超过100个,检测到日志中有Severe级别报错,检测到db2诊断日志中存在logisfull字样条目,检测到DB2的实例状态不为active,检测到10分钟间隔内死锁数增加了5个以上,检测到10分钟间隔内锁升级数增加了5个以上,检测到锁超时数在过去10分钟内增长了5个以上,检测到10分钟间隔内锁等待数增加了5个以上,检测到总日志空间使用率大于等于40小于50,检测到总日志空间使用率大于等于50小于70,检测到总日志空间使用率大于等于90小于100,检测到总日志空间使用率等于100,检测到总日志空间使用率大于等于70小于80,检测到总日志空间使用率大于等于80小于90,检测到DB2表空间状态异常状态为BACKUP_PENDING或者DELETE_PENDING或者LOAD_PENDING或者RF_PENDING或者STORDEF_CHANGED或者STORDEF_FINAL或者TBS_DELETE或者RESTORE_PENDING,检测到DB2表空间状态为RESTORE_PENDING或者ESTORE_PROGRESS或者RF_PROGRESS或者STORAGE_UNDEFINED或者STORDEF或者TBS_CREATE或者TBS_DELETE,检测到DB2表空间状态为DISABLE_PENDING或者DROP_PENDING或者OFFLINE或者QUIESCED_EX或者QUIESCED_SH或者QUIESCED_UP,当所有数据库上的所有DMS表空间大于70%小于80%,所有数据库上DMS表空间使用率大于等于80%且小于90%,所有数据库上DMS表空间使用率大于等于90%,所有数据库上DMS表空间使用率大于等于100%,Non,Non,Non,Non,Non,检测到通道的状态为Stopped或Inactive,检测到通道的状态为binding或Retrying,检测到队列管理器commandserver状态异常,检测到队列管理器中未定义死信队列,检测到errorlog中存在Transactionsrolledbacktoreleaselogspace字样条目,检测到AMQ4503AMQ4504AMQ6207AMQ7274AMQ7809消息ID,检测到AMQ4034AMQ4042AMQ4505AMQ9207AMQ9513消息ID,检测到侦听器状态异常,队列管理器状态不活动或者监控代理无法连接到队列管理器,队列管理器状态为active且死信队列深度大于0小于100,队列管理器状态为active且死信队列深度大于100小于500,队列管理器状态为active且死信队列深度大于500,检测到除系统队列深度外其他队列深度10分钟内增加数超过50个,检测到队列类型为Local队列使用为Normal积压深度大于等于200小于700队列名称不等于GSPMQ.EXCEPTION.HANDLEQ或GSPMQ.TRANSACTION.HANDLEQ或LOCALQ.APT.IBS.ECIF.REQ或LOCALQ.APT.IBS.SMS.REQ或LOCALQ.SMS.SMSMTSOAP.REQ或LOCALQ.SMS.SMSMTSOAP.RSP或LOCALQ.APT.ISUER1.SMS.REQ且队列名称不以SYSTEM开头,检测到队列类型为Local队列使用为Normal积压深度大于等于700队列名称不等于GSPMQ.EXCEPTION.HANDLEQ或GSPMQ.TRANSACTION.HANDLEQ或LOCALQ.APT.IBS.ECIF.REQ或LOCALQ.APT.IBS.SMS.REQ或LOCALQ.SMS.SMSMTSOAP.REQ或LOCALQ.SMS.SMSMTSOAP.RSP或LOCALQ.APT.ISUER1.SMS.REQ或且队列名称不以SYSTEM开头,检测到队列名称为GSPMQ.EXCEPTION.HANDLEQ且积压深度大于等于300小于1000或者检测到队列名称为GSPMQ.TRANSACTION.HANDLEQ且积压深度大于等于300小于1000,检测到队列名称为GSPMQ.EXCEPTION.HANDLEQ且积压深度大于等于1000小于1500或者检测到队列名称为GSPMQ.TRANSACTION.HANDLEQ且积压深度大于等于1000小于1500,检测到队列名称不为SYSTEM.CLUSTER.TRANSMIT.QUEUE且积压深度大于等于20小于200或者检测到队列名称为LOCALQ.SMS.SMSMTSOAP.REQ且积压深度大于20小于200或者检测到队列名称为LOCALQ.SMS.SMSMTSOAP.RSP且积压深度大于20小于200,检测到队列名称不为SYSTEM.CLUSTER.TRANSMIT.QUEUE且积压深度大于等于700或者检测到队列名称为LOCALQ.SMS.SMSMTSOAP.REQ且积压深度大于700或者检测到队列名称为LOCALQ.SMS.SMSMTSOAP.RSP且积压深度大于700,检测到队列名称为LOCALQ.APT.IBS.ECIF.REQ且积压深度大于等于500小于1000或者检测到队列名称为LOCALQ.APT.IBS.SMS.REQ且积压深度大于等于500小于1000或者检测到队列名称为LOCALQ.APT.ISUER1.SMS.REQ且积压深度大于等于500小于1000,检测到队列名称为LOCALQ.APT.IBS.ECIF.REQ且积压深度大于等于1000或者检测到队列名称为LOCALQ.APT.IBS.SMS.REQ且积压深度大于等于1000或者检测到队列名称为LOCALQ.APT.ISUER1.SMS.REQ且积压深度大于等于1000,检测到队列类型为Local队列使用为Normal积压深度大于等于10队列名称不等于GSPMQ.EXCEPTION.HANDELQ或GSPMQ.TRANSACTION.HANDLEQ或LOCALQ.APT.IBS.ECIF.REQ或LOCALQ.APT.IBS.SMS.REQ或LOCALQ.SMS.SMSMTSOAP.REQ或LOCALQ.SMS.SMSMTSOAP.RSP或LOCALQ.APT.ISUER1.SMS.REQ且队列名称不以SYSTEM开头且积压深度小于200,检测到队列名称为GSPMQ.EXCEPTION.HANDLEQ且积压深度大于等于300小于1000或者检测到队列名称为GSPMQ.TRANSACTION.HANDLEQ且积压深度大于等于300小于1000或者检测到队列名称为LOCALQ.APT.ISUER1.SMS.REQ且积压深度大于等于300小于1000,检测到队列名称不为SYSTEM.CLUSTER.TRANSMIT.QUEUE队列使用为XmitQ且积压深度大于等于20小于200或者检测到队列名称为LOCALQ.SMS.SMSMTSOAP.REQ且积压深度大于等于20小于200或者检测到队列名称为LOCALQ.SMS.SMSMTSOAP.RSP且积压深度大于等于20小于200,检测到队列名称为LOCALQ.APT.IBS.ECIF.REQ且积压深度大于等于100小于500或者检测到队列名称为LOCALQ.APT.IBS.SMS.REQ且积压深度大于等于100小于500,检测到队列类型为Local队列使用为Normal积压深度大于等于200队列名称不等于GSPMQ.EXCEPTION.HANDELQ或GSPMQ.TRANSACTION.HANDLEQ或LOCALQ.APT.IBS.ECIF.REQ或LOCALQ.APT.IBS.SMS.REQ或LOCALQ.SMS.SMSMTSOAP.REQ或LOCALQ.SMS.SMSMTSOAP.RSP或LOCALQ.APT.ISUER1.SMS.REQ且队列名称不以SYSTEM开头且积压深度小于700,检测到队列类型为Local队列使用为Normal积压深度大于等于700队列名称不等于GSPMQ.EXCEPTION.HANDELQ或GSPMQ.TRANSACTION.HANDLEQ或LOCALQ.APT.IBS.ECIF.REQ或LOCALQ.APT.IBS.SMS.REQ或LOCALQ.SMS.SMSMTSOAP.REQ或LOCALQ.SMS.SMSMTSOAP.RSP或LOCALQ.APT.ISUER1.SMS.REQ或且队列名称不以SYSTEM开头,检测到队列名称为GSPMQ.EXCEPTION.HANDLEQ且积压深度大于等于1000小于1500或者检测到队列名称为GSPMQ.TRANSACTION.HANDLEQ且积压深度大于等于1000小于1500或者检测到队列名称为LOCALQ.APT.ISUER1.SMS.REQ且积压深度大于等于1000小于1500,检测到队列名称为GSPMQ.EXCEPTION.HANDLEQ且积压深度大于等于1500或者检测到队列名称为GSPMQ.TRANSACTION.HANDLEQ且积压深度大于等于1500或者检测到队列名称为LOCALQ.APT.ISUER1.SMS.REQ且积压深度大于等于1500,检测到队列名称不为SYSTEM.CLUSTER.TRANSMIT.QUEUE队列使用为XmitQ且积压深度大于等于700或者检测到队列名称为LOCALQ.SMS.SMSMTSOAP.REQ且积压深度大于等于700或者检测到队列名称为LOCALQ.SMS.SMSMTSOAP.RSP且积压深度大于等于700,检测到队列名称为LOCALQ.APT.IBS.ECIF.REQ且积压深度大于等于500小于1000或者检测到队列名称为LOCALQ.APT.IBS.SMS.REQ且积压深度大于等于500小于1000,检测到队列名称为LOCALQ.APT.IBS.ECIF.REQ且积压深度大于等于1000或者检测到队列名称为LOCALQ.APT.IBS.SMS.REQ且积压深度大于等于1000,检测到队列类型为Local队列使用为Normal积压深度大于等于10小于200队列名称不等于GSPMQ.EXCEPTION.HANDLEQ或GSPMQ.TRANSACTION.HANDLEQ或LOCALQ.SMS.SMSMTSOAP.REQ或LOCALQ.SMS.SMSMTSOAP.RSP或LOCALQ.HTTPREQBK5.RSP且队列名称不以SYSTEM开头,检测到队列名称为GSPMQ.EXCEPTION.HANDLEQ且积压深度大于等于300小于1000或者检测到队列名称为GSPMQ.TRANSACTION.HANDLEQ且积压深度大于等于300小于1000,检测到队列名称不为SYSTEM.CLUSTER.TRANSMIT.QUEUE队列使用为XmitQ且积压深度大于等于20小于200或者检测到队列名称为LOCALQ.SMS.SMSMTSOAP.REQ且积压深度大于等于20小于200或者检测到队列名称为LOCALQ.SMS.SMSMTSOAP.RSP且积压深度大于等于20小于200,检测到队列名称为LOCALQ.HTTPREQBK5.RSP且积压深度大于等于5000小于10000,检测到队列类型为Local队列使用为Normal积压深度大于等于200小于700队列名称不等于GSPMQ.EXCEPTION.HANDLEQ或GSPMQ.TRANSACTION.HANDLEQ或LOCALQ.SMS.SMSMTSOAP.REQ或LOCALQ.SMS.SMSMTSOAP.RSP或LOCALQ.HTTPREQBK5.RSP或且队列名称不以SYSTEM开头,检测到队列类型为Local队列使用为Normal积压深度大于等于700队列名称不等于GSPMQ.EXCEPTION.HANDLEQ或GSPMQ.TRANSACTION.HANDLEQ或LOCALQ.SMS.SMSMTSOAP.REQ或LOCALQ.SMS.SMSMTSOAP.RSP或LOCALQ.HTTPREQBK5.RSP且队列名称不以SYSTEM开头,检测到队列名称为GSPMQ.EXCEPTION.HANDLEQ且积压深度大于等于1000小于1500或者检测到队列名称为GSPMQ.TRANSACTION.HANDLEQ且积压深度大于等于1000小于1500,检测到队列名称为GSPMQ.EXCEPTION.HANDLEQ且积压深度大于等于1500或者检测到队列名称为GSPMQ.TRANSACTION.HANDLEQ且积压深度大于等于1500,检测到队列名称不为SYSTEM.CLUSTER.TRANSMIT.QUEUE队列使用为XmitQ且积压深度大于等于700或者检测到队列名称为LOCALQ.SMS.SMSMTSOAP.REQ且积压深度大于等于700或者检测到队列名称为LOCALQ.SMS.SMSMTSOAP.RSP且积压深度大于等于700,检测到队列名称为LOCALQ.HTTPREQBK5.RSP且积压深度大于等于10000小于10500,检测到队列名称为LOCALQ.APT.IBS.SMS.REQ且积压深度大于等于500小于1000,检测到队列类型为Local队列使用为Normal积压深度大于等于10小于200队列名称不等于GSPMQ.EXCEPTION.HANDELQ或GSPMQ.TRANSACTION.HANDLEQ或LOCALQ.SMS.SMSMTSSOAP.REQ或LOCALQ.SMS.SMSMTSSOAP.RSP或LOCALQ.HTTPREQBK6.RSP且队列名称不以SYSTEM开头,检测到队列名称为GSPMQ.EXCEPTION.HANDLEQ且积压深度大于等于300小于1000或者检测到队列名称为GSPMQ.TRANSACTION.HANDLEQ且积压深度大于等于300小于1000,检测到队列名称不为SYSTEM.CLUSTER.TRANSMIT.QUEUE队列使用为XmitQ且积压深度大于等于20小于200或者检测到队列名称为LOCALQ.SMS.SMSMTSOAP.REQ且积压深度大于等于20小于200或者检测到队列名称为LOCALQ.SMS.SMSMTSOAP.RSP且积压深度大于等于20小于200,或者检测到队列名称为LOCALQ.HTTPPREQBK6.GSP且积压深度大于等于5000小于10000,检测到队列类型为Local队列使用为Normal积压深度大于等于200小于700队列名称不等于GSPMQ.EXCEPTION.HANDELQ或GSPMQ.TRANSACTION.HANDLEQ或LOCALQ.SMS.SMSMTSSOAP.REQ或LOCALQ.SMS.SMSMTSSOAP.RSP或LOCALQ.HTTPREQBK6.RSP且队列名称不以SYSTEM开头,检测到队列类型为Local队列使用为Normal积压深度大于等于700队列名称不等于GSPMQ.EXCEPTION.HANDELQ或GSPMQ.TRANSACTION.HANDLEQ或LOCALQ.SMS.SMSMTSSOAP.REQ或LOCALQ.SMS.SMSMTSSOAP.RSP或LOCALQ.HTTPREQBK6.RSP或且队列名称不以SYSTEM开头,检测到队列名称为GSPMQ.EXCEPTION.HANDLEQ且积压深度大于等于1000小于1500或者检测到队列名称为GSPMQ.TRANSACTION.HANDLEQ且积压深度大于等于1000小于1500,检测到队列名称为GSPMQ.EXCEPTION.HANDLEQ且积压深度大于等于1500或者检测到队列名称为GSPMQ.TRANSACTION.HANDLEQ且积压深度大于等于1500,检测到队列名称不为SYSTEM.CLUSTER.TRANSMIT.QUEUE队列使用为XmitQ且积压深度大于等于700或者检测到队列名称为LOCALQ.SMS.SMSMTSOAP.REQ且积压深度大于等于700或者检测到队列名称为LOCALQ.SMS.SMSMTSOAP.RSP且积压深度大于等于700,或者检测到队列名称为LOCALQ.HTTPPREQBK6.GSP且积压深度大于等于10500,检测到队列名称为LOCALQ.APT.IBS.SMS.REQ且积压深度大于等于500小于1000,检测到队列类型为Local队列使用为Normal积压深度大于等于10小于200队列名称不等于GSPMQ.EXCEPTION.HANDLEQ或GSPMQ.TRANSACTION.HANDLEQ或LOCALQ.APT.IBS.ECIF.REQ或LOCALQ.APT.IBS.SMS.REQ或LOCALQ.SMS.SMSMTSOAP.REQ或LOCALQ.SMS.SMSMTSOAP.RSP或LOCALQ.APT.ISUER1.SMS.REQ或且队列名称不以SYSTEM开头,检测到队列名称为GSPMQ.EXCEPTION.HANDLEQ且积压深度大于等于300小于1000或者检测到队列名称为GSPMQ.TRANSACTION.HANDLEQ且积压深度大于等于300小于1000或者检测到队列名称为LOCALQ.APT.ISUER1.SMS.REQ且积压深度大于等于300小于1000,检测到队列名称不为SYSTEM.CLUSTER.TRANSMIT.QUEUE队列使用为XmitQ且积压深度大于等于20小于200或者检测到队列名称为LOCALQ.SMS.SMSMTSOAP.REQ且积压深度大于等于20小于200或者检测到队列名称为LOCALQ.SMS.SMSMTSOAP.RSP且积压深度大于等于20小于200,检测到队列名称为LOCALQ.APT.IBS.ECIF.REQ且积压深度大于等于100小于500或者检测到队列名称为LOCALQ.APT.IBS.SMS.REQ且积压深度大于等于100小于500,检测到队列类型为Local队列使用为Normal积压深度大于等于200小于700队列名称不等于GSPMQ.EXCEPTION.HANDLEQ或GSPMQ.TRANSACTION.HANDLEQ或LOCALQ.APT.IBS.ECIF.REQ或LOCALQ.APT.IBS.SMS.REQ或LOCALQ.SMS.SMSMTSOAP.REQ或LOCALQ.SMS.SMSMTSOAP.RSP或LOCALQ.APT.ISUER1.SMS.REQ或且队列名称不以SYSTEM开头,检测到队列类型为Local队列使用为Normal积压深度大于等于700队列名称不等于GSPMQ.EXCEPTION.HANDLEQ或GSPMQ.TRANSACTION.HANDLEQ或LOCALQ.APT.IBS.ECIF.REQ或LOCALQ.APT.IBS.SMS.REQ或LOCALQ.SMS.SMSMTSOAP.REQ或LOCALQ.SMS.SMSMTSOAP.RSP或LOCALQ.APT.ISUER1.SMS.REQ或且队列名称不以SYSTEM开头,检测到队列名称为GSPMQ.EXCEPTION.HANDLEQ且积压深度大于等于1000小于1500或者检测到队列名称为GSPMQ.TRANSACTION.HANDLEQ且积压深度大于等于1000小于1500或者检测到队列名称为LOCALQ.APT.ISUER1.SMS.REQ且积压深度大于等于1000小于1500,检测到队列名称为GSPMQ.EXCEPTION.HANDLEQ且积压深度大于等于1500或者检测到队列名称为GSPMQ.TRANSACTION.HANDLEQ且积压深度大于等于1500或者检测到队列名称为LOCALQ.APT.ISUER1.SMS.REQ且积压深度大于等于1500,检测到队列名称不为SYSTEM.CLUSTER.TRANSMIT.QUEUE队列使用为XmitQ且积压深度大于等于700或者检测到队列名称为LOCALQ.SMS.SMSMTSOAP.REQ且积压深度大于等于700或者检测到队列名称为LOCALQ.SMS.SMSMTSOAP.RSP且积压深度大于等于700,检测到队列名称为LOCALQ.APT.IBS.ECIF.REQ且积压深度大于等于500小于1000或者检测到队列名称为LOCALQ.APT.IBS.SMS.REQ且积压深度大于等于500小于1000,检测到队列名称为LOCALQ.APT.IBS.ECIF.REQ且积压深度大于等于1000或者检测到队列名称为LOCALQ.APT.IBS.SMS.REQ且积压深度大于等于1000,检测到队列类型为Local队列使用为Normal积压深度大于等于10小于200队列名称不等于GSPMQ.EXCEPTION.HANDLEQ或GSPMQ.TRANSACTION.HANDLEQ或LOCALQ.APT.IBS.ECIF.REQ或LOCALQ.APT.IBS.SMS.REQ或LOCALQ.SMS.SMSMTSOAP.REQ或LOCALQ.SMS.SMSMTSOAP.RSP或LOCALQ.APT.ISUER1.SMS.REQ或且队列名称不以SYSTEM开头,检测到队列名称为GSPMQ.EXCEPTION.HANDLEQ且积压深度大于等于1000小于1500或者检测到队列名称为GSPMQ.TRANSACTION.HANDLEQ且积压深度大于等于1000小于1500或者检测到队列名称为LOCALQ.APT.ISUER1.SMS.REQ且积压深度大于等于1000小于1500,检测到队列名称为LOCALQ.APT.IBS.ECIF.REQ且积压深度大于等于20小于200或者检测到队列名称为LOCALQ.APT.IBS.SMS.REQ且积压深度大于20小于200,检测到队列类型为Local队列使用为Normal积压深度大于等于200小于700队列名称不等于GSPMQ.EXCEPTION.HANDLEQ或GSPMQ.TRANSACTION.HANDLEQ或LOCALQ.APT.IBS.ECIF.REQ或LOCALQ.APT.IBS.SMS.REQ或LOCALQ.SMS.SMSMTSOAP.REQ或LOCALQ.SMS.SMSMTSOAP.RSP或LOCALQ.APT.ISUER1.SMS.REQ或且队列名称不以SYSTEM开头,检测到队列类型为Local队列使用为Normal积压深度大于等于700队列名称不等于GSPMQ.EXCEPTION.HANDLEQ或GSPMQ.TRANSACTION.HANDLEQ或LOCALQ.APT.IBS.ECIF.REQ或LOCALQ.APT.IBS.SMS.REQ或LOCALQ.SMS.SMSMTSOAP.REQ或LOCALQ.SMS.SMSMTSOAP.RSP或LOCALQ.APT.ISUER1.SMS.REQ或且队列名称不以SYSTEM开头,检测到队列名称为GSPMQ.EXCEPTION.HANDLEQ且积压深度大于等于300小于1000或者检测到队列名称为GSPMQ.TRANSACTION.HANDLEQ且积压深度大于等于300小于1000或者检测到队列名称为LOCALQ.APT.ISUER1.SMS.REQ且积压深度大于等于300小于1000,检测到队列名称为GSPMQ.EXCEPTION.HANDLEQ且积压深度大于等于1500或者检测到队列名称为GSPMQ.TRANSACTION.HANDLEQ且积压深度大于等于1500或者检测到队列名称为LOCALQ.APT.ISUER1.SMS.REQ且积压深度大于等于1500,检测到队列名称不为SYSTEM.CLUSTER.TRANSMIT.QUEUE且积压深度大于等于700且队列使用为XmitQ或者检测到队列名称为LOCALQ.SMS.SMSMTSOAP.REQ且积压深度大于700或者检测到队列名称为LOCALQ.SMS.SMSMTSOAP.RSP且积压深度大于700,检测到队列名称为LOCALQ.APT.IBS.ECIF.REQ且积压深度大于等于1000或者检测到队列名称为LOCALQ.APT.IBS.SMS.REQ且积压深度大于等于1000,检测到队列类型为Local队列使用为Normal积压深度大于等于10小于200队列名称不等于GSPMQ.EXCEPTION.HANDLEQ或GSPMQ.TRANSACTION.HANDLEQ或LOCALQ.APT.IBS.ECIF.REQ或LOCALQ.APT.IBS.SMS.REQ或LOCALQ.SMS.SMSMTSOAP.REQ或LOCALQ.SMS.SMSMTSOAP.RSP或LOCALQ.APT.ISUER1.SMS.REQ或且队列名称不以SYSTEM开头,检测到队列类型为Local队列使用为Normal积压深度大于等于200小于700队列名称不等于GSPMQ.EXCEPTION.HANDLEQ或GSPMQ.TRANSACTION.HANDLEQ或LOCALQ.APT.IBS.ECIF.REQ或LOCALQ.APT.IBS.SMS.REQ或LOCALQ.SMS.SMSMTSOAP.REQ或LOCALQ.SMS.SMSMTSOAP.RSP或LOCALQ.APT.ISUER1.SMS.REQ或且队列名称不以SYSTEM开头,检测到队列类型为Local队列使用为Normal积压深度大于等于700队列名称不等于GSPMQ.EXCEPTION.HANDLEQ或GSPMQ.TRANSACTION.HANDLEQ或LOCALQ.APT.IBS.ECIF.REQ或LOCALQ.APT.IBS.SMS.REQ或LOCALQ.SMS.SMSMTSOAP.REQ或LOCALQ.SMS.SMSMTSOAP.RSP或LOCALQ.APT.ISUER1.SMS.REQ或且队列名称不以SYSTEM开头,检测到队列名称为GSPMQ.EXCEPTION.HANDLEQ且积压深度大于等于300小于1000或者检测到队列名称为GSPMQ.TRANSACTION.HANDLEQ且积压深度大于等于300小于1000,检测到队列名称为GSPMQ.EXCEPTION.HANDLEQ且积压深度大于等于1000小于1500或者检测到队列名称为GSPMQ.TRANSACTION.HANDLEQ且积压深度大于等于1000小于1500,检测到队列名称不为SYSTEM.CLUSTER.TRANSMIT.QUEUE且积压深度大于等于20小于200或者检测到队列名称为LOCALQ.SMS.SMSMTSOAP.REQ且积压深度大于20小于200或者检测到队列名称为LOCALQ.SMS.SMSMTSOAP.RSP且积压深度大于20小于200,检测到队列名称不为SYSTEM.CLUSTER.TRANSMIT.QUEUE且积压深度大于等于700或者检测到队列名称为LOCALQ.SMS.SMSMTSOAP.REQ且积压深度大于700或者检测到队列名称为LOCALQ.SMS.SMSMTSOAP.RSP且积压深度大于700,检测到队列名称为LOCALQ.APT.IBS.ECIF.REQ且积压深度大于等于500小于1000或者检测到队列名称为LOCALQ.APT.IBS.SMS.REQ且积压深度大于等于500小于1000或者检测到队列名称为LOCALQ.APT.ISUER1.SMS.REQ且积压深度大于等于500小于1000,检测到队列名称为LOCALQ.APT.IBS.ECIF.REQ且积压深度大于等于1000或者检测到队列名称为LOCALQ.APT.IBS.SMS.REQ且积压深度大于等于1000或者检测到队列名称为LOCALQ.APT.ISUER1.SMS.REQ且积压深度大于等于1000,检测到队列名称不为SYSTEM.CLUSTER.TRANSMIT.QUEUE队列使用为XmitQ且积压深度大于等于20小于200,检测到队列名称不为SYSTEM.CLUSTER.TRANSMIT.QUEUE队列使用为XmitQ且积压深度大于等于200小于700,检测到队列名称不为SYSTEM.CLUSTER.TRANSMIT.QUEUE队列使用为XmitQ且积压深度大于等于700,检测到队列名称不为SYSTEM.CLUSTER.TRANSMIT.QUEUE队列使用为XmitQ且积压深度大于等于20小于200或者队列名称不为LOCALQ.APT.ICS8583.GSP.REQ|且积压深度大于等于50小于200或者队列名称不为LOCALQ.APT.ICSEBCDIC.GSP.REQ且积压深度大于等于20小于200,检测到队列名称不为SYSTEM.CLUSTER.TRANSMIT.QUEUE队列使用为XmitQ且积压深度大于等于200小于700或者队列名称不为LOCALQ.APT.ICS8583.GSP.REQ且积压深度大于等于200小于700或者队列名称不为LOCALQ.APT.ICSEBCDIC.GSP.REQ且积压深度大于等于200小于700,检测到队列名称不为SYSTEM.CLUSTER.TRANSMIT.QUEUE队列使用为XmitQ且积压深度大于等于700或者队列名称不为LOCALQ.APT.ICS8583.GSP.REQ且积压深度大于等于700或者队列名称不为LOCALQ.APT.ICSEBCDIC.GSP.REQ且积压深度大于等于700,检测到队列名称为LOCALQ.*RSP且当前积压深度大于5000小于10000或者队列名称为LOCALQ.TYSM.PUB且当前积压深度大于5000小于10000,检测到队列名称为LOCALQ.*RSP且当前积压深度大于10000小于10500或者队列名称为LOCALQ.TYSM.PUB且当前积压深度大于10000小于10500,检测到队列名称为LOCALQ.*RSP且当前积压深度大于10500或者队列名称为LOCALQ.TYSM.PUB且当前积压深度大于10500,检测到MQSMSGW1队列积压深度大于100且小于500,检测到MQSMSGW1队列积压深度大于500小于1000,检测到MQSMSGW1队列积压深度大于1000,检测到队列积压深度大于20小于200,检测到队列积压深度大于200小于700,检测到队列积压深度大于700,检测到队列深度百分比大于10%小于30%,检测到队列深度百分比大于等于100%,检测到队列深度百分比大于等于30%且小于50%,检测到队列深度百分比大于等于50%且小于90%,检测到队列深度百分比大于等于90%且小于100%,Non,Non,Non,Non,Non,Non,Non,Non,Non,Non,Non,Non,Non,Non,Non,Non,Non,检测到SNALINK状态不为Active,检测到SANSESSION会话数为0且模式不为SNASVCMG和CPSVCMG,3分钟内Ping主机无响应
ASESB4,Started,Started,Started,Started,Started,Started,Started,Started,Started,Started,Started,Non,Started,Started,Started,Started,Started,Started,Started,Started,Started,Started,Started,Started,Non,Non,Started,Non,Open,Open,Non,Started,Started,Started,Started,Started,Started,Started,Started,Started,Started,Started,Started,Started,Started,Started,Started,Started,Started,Started,Started,Started,Non,Non,Non,Non,Non,Non,Non,Non,Non,Non,Non,Non,Non,Non,Non,Non,Non,Non,Non,Non,Non,Non,Non,Non,Non,Non,MQGSPBK4->Started,MQGSPBK4->Started,MQGSPBK4->Started,MQGSPBK4->Started,MQGSPBK4->Started,MQGSPBK4->Started,MQGSPBK4->Started,MQGSPBK4->Started,MQGSPBK4->Started,MQGSPBK4->Started,MQGSPBK4->Started,MQGSPBK4->Started,MQGSPBK4->Started,ASESB4->Non,ASESB4->Non,ASESB4->Non,ASESB4->Non,ASESB4->Non,ASESB4->Non,ASESB4->Non,ASESB4->Non,MQGSPBK4->Started,MQGSPBK4->Started,MQGSPBK4->Started,MQGSPBK4->Started,MQGSPBK4->Started,MQGSPBK4->Started,MQGSPBK4->Started,MQGSPBK4->Started,MQGSPBK4->Started,MQGSPBK4->Started,MQGSPBK4->Started,ASESB4->Non,ASESB4->Non,ASESB4->Non,ASESB4->Non,ASESB4->Non,ASESB4->Non,ASESB4->Non,ASESB4->Non,ASESB4->Non,ASESB4->Non,ASESB4->Non,ASESB4->Non,ASESB4->Non,ASESB4->Non,ASESB4->Non,ASESB4->Non,ASESB4->Non,ASESB4->Non,ASESB4->Non,ASESB4->Non,ASESB4->Non,ASESB4->Non,ASESB4->Non,ASESB4->Non,ASESB4->Non,ASESB4->Non,ASESB4->Non,ASESB4->Non,ASESB4->Non,ASESB4->Non,ASESB4->Non,ASESB4->Non,ASESB4->Non,ASESB4->Non,ASESB4->Non,ASESB4->Non,ASESB4->Non,ASESB4->Non,ASESB4->Non,ASESB4->Non,ASESB4->Non,ASESB4->Non,ASESB4->Non,ASESB4->Non,ASESB4->Non,ASESB4->Non,ASESB4->Non,ASESB4->Non,ASESB4->Non,ASESB4->Non,ASESB4->Non,ASESB4->Non,ASESB4->Non,ASESB4->Non,ASESB4->Non,ASESB4->Non,ASESB4->Non,ASESB4->Non,ASESB4->Non,ASESB4->Non,ASESB4->Non,ASESB4->Non,ASESB4->Non,ASESB4->Non,ASESB4->Non,ASESB4->Non,MQGSPBK4->Started,MQGSPBK4->Started,MQGSPBK4->Started,MQGSPBK4->Started,MQGSPBK4->Started,ASESB4->Non,ASESB4->Non,ASESB4->Non,ASESB4->Non,ASESB4->Non,ASESB4->Non,ASESB4->Non,ASESB4->Non,ASESB4->Non,ASESB4->Non,ASESB4->Non,Non,Non,Non,Non,Non,Non,Non,Non,Started
ASESB5,Started,Started,Started,Started,Started,Started,Started,Started,Started,Started,Started,Non,Started,Started,Started,Started,Open,Started,Started,Started,Started,Started,Started,Started,Non,Non,Started,Non,Started,Started,Non,Started,Started,Started,Started,Started,Started,Started,Started,Started,Started,Started,Started,Started,Started,Started,Started,Started,Started,Started,Started,Started,Non,Non,Non,Non,Non,Non,Non,Non,Non,Non,Non,Non,Non,Non,Non,Non,Non,Non,Non,Non,Non,Non,Non,Non,Non,Non,MQGSPBK5->Started,MQGSPBK5->Started,MQGSPBK5->Started,MQGSPBK5->Started,MQGSPBK5->Started,MQGSPBK5->Started,MQGSPBK5->Started,MQGSPBK5->Started,MQGSPBK5->Started,MQGSPBK5->Closed,MQGSPBK5->Closed,MQGSPBK5->Closed,MQGSPBK5->Closed,ASESB5->Non,ASESB5->Non,ASESB5->Non,ASESB5->Non,ASESB5->Non,ASESB5->Non,ASESB5->Non,ASESB5->Non,ASESB5->Non,ASESB5->Non,ASESB5->Non,ASESB5->Non,ASESB5->Non,ASESB5->Non,ASESB5->Non,ASESB5->Non,ASESB5->Non,ASESB5->Non,ASESB5->Non,MQGSPBK5->Closed,MQGSPBK5->Started,MQGSPBK5->Started,MQGSPBK5->Open,MQGSPBK5->Started,MQGSPBK5->Started,MQGSPBK5->Started,MQGSPBK5->Started,MQGSPBK5->Started,MQGSPBK5->Started,MQGSPBK5->Started,ASESB5->Non,ASESB5->Non,ASESB5->Non,ASESB5->Non,ASESB5->Non,ASESB5->Non,ASESB5->Non,ASESB5->Non,ASESB5->Non,ASESB5->Non,ASESB5->Non,ASESB5->Non,ASESB5->Non,ASESB5->Non,ASESB5->Non,ASESB5->Non,ASESB5->Non,ASESB5->Non,ASESB5->Non,ASESB5->Non,ASESB5->Non,ASESB5->Non,ASESB5->Non,ASESB5->Non,ASESB5->Non,ASESB5->Non,ASESB5->Non,ASESB5->Non,ASESB5->Non,ASESB5->Non,ASESB5->Non,ASESB5->Non,ASESB5->Non,ASESB5->Non,ASESB5->Non,ASESB5->Non,ASESB5->Non,ASESB5->Non,ASESB5->Non,ASESB5->Non,ASESB5->Non,ASESB5->Non,ASESB5->Non,ASESB5->Non,ASESB5->Non,ASESB5->Non,ASESB5->Non,ASESB5->Non,ASESB5->Non,ASESB5->Non,ASESB5->Non,ASESB5->Non,ASESB5->Non,ASESB5->Non,ASESB5->Non,MQGSPBK5->Started,MQGSPBK5->Started,MQGSPBK5->Started,MQGSPBK5->Started,MQGSPBK5->Started,ASESB5->Non,ASESB5->Non,ASESB5->Non,ASESB5->Non,ASESB5->Non,ASESB5->Non,ASESB5->Non,ASESB5->Non,ASESB5->Non,ASESB5->Non,ASESB5->Non,Non,Non,Non,Non,Non,Non,Non,Non,Started
ASESB6,Started,Started,Started,Started,Started,Started,Started,Started,Started,Started,Started,Non,Started,Started,Started,Started,Closed,Open,Started,Started,Started,Started,Started,Started,Non,Non,Started,Non,Started,Started,Non,Started,Started,Started,Started,Started,Started,Started,Started,Started,Started,Started,Started,Started,Started,Started,Started,Started,Started,Started,Started,Started,Non,Non,Non,Non,Non,Non,Non,Non,Non,Non,Non,Non,Non,Non,Non,Non,Non,Non,Non,Non,Non,Non,Non,Non,Non,Non,MQGSPBK6->Started,MQGSPBK6->Started,MQGSPBK6->Started,MQGSPBK6->Started,MQGSPBK6->Started,MQGSPBK6->Started,MQGSPBK6->Started,MQGSPBK6->Started,MQGSPBK6->Started,MQGSPBK6->Closed,MQGSPBK6->Closed,MQGSPBK6->Closed,MQGSPBK6->Closed,ASESB6->Non,ASESB6->Non,ASESB6->Non,ASESB6->Non,ASESB6->Non,ASESB6->Non,ASESB6->Non,ASESB6->Non,ASESB6->Non,ASESB6->Non,ASESB6->Non,ASESB6->Non,ASESB6->Non,ASESB6->Non,ASESB6->Non,ASESB6->Non,ASESB6->Non,ASESB6->Non,ASESB6->Non,ASESB6->Non,ASESB6->Non,ASESB6->Non,ASESB6->Non,ASESB6->Non,ASESB6->Non,ASESB6->Non,ASESB6->Non,ASESB6->Non,ASESB6->Non,ASESB6->Non,MQGSPBK6->Started,MQGSPBK6->Started,MQGSPBK6->Started,MQGSPBK6->Open,MQGSPBK6->Started,MQGSPBK6->Started,MQGSPBK6->Started,MQGSPBK6->Started,MQGSPBK6->Started,MQGSPBK6->Started,MQGSPBK6->Started,ASESB6->Non,ASESB6->Non,ASESB6->Non,ASESB6->Non,ASESB6->Non,ASESB6->Non,ASESB6->Non,ASESB6->Non,ASESB6->Non,ASESB6->Non,ASESB6->Non,ASESB6->Non,ASESB6->Non,ASESB6->Non,ASESB6->Non,ASESB6->Non,ASESB6->Non,ASESB6->Non,ASESB6->Non,ASESB6->Non,ASESB6->Non,ASESB6->Non,ASESB6->Non,ASESB6->Non,ASESB6->Non,ASESB6->Non,ASESB6->Non,ASESB6->Non,ASESB6->Non,ASESB6->Non,ASESB6->Non,ASESB6->Non,ASESB6->Non,ASESB6->Non,ASESB6->Non,ASESB6->Non,ASESB6->Non,ASESB6->Non,ASESB6->Non,ASESB6->Non,ASESB6->Non,ASESB6->Non,ASESB6->Non,ASESB6->Non,MQGSPBK6->Started,MQGSPBK6->Started,MQGSPBK6->Started,MQGSPBK6->Started,MQGSPBK6->Started,ASESB6->Non,ASESB6->Non,ASESB6->Non,ASESB6->Non,ASESB6->Non,ASESB6->Non,ASESB6->Non,ASESB6->Non,ASESB6->Non,ASESB6->Non,ASESB6->Non,Non,Non,Non,Non,Non,Non,Non,Non,Started
ASESB7,Started,Started,Started,Closed,Started,Started,Started,Started,Started,Started,Started,Non,Started,Started,Started,Open,Started,Started,Started,Started,Started,Started,Started,Started,Non,Non,Started,Non,Started,Started,Non,Started,Started,Started,Started,Started,Started,Started,Started,Started,Started,Started,Started,Started,Started,Started,Started,Started,Started,Started,Started,Started,Non,Non,Non,Non,Non,Non,Non,Non,Non,Non,Non,Non,Non,Non,Non,Non,Non,Non,Non,Non,Non,Non,Non,Non,Non,Non,MQGSPBK7->Started,MQGSPBK7->Started,MQGSPBK7->Started,MQGSPBK7->Started,MQGSPBK7->Started,MQGSPBK7->Started,MQGSPBK7->Started,MQGSPBK7->Started,MQGSPBK7->Started,MQGSPBK7->Closed,MQGSPBK7->Closed,MQGSPBK7->Closed,MQGSPBK7->Closed,ASESB7->Non,ASESB7->Non,ASESB7->Non,ASESB7->Non,ASESB7->Non,ASESB7->Non,ASESB7->Non,ASESB7->Non,ASESB7->Non,ASESB7->Non,ASESB7->Non,ASESB7->Non,ASESB7->Non,ASESB7->Non,ASESB7->Non,ASESB7->Non,ASESB7->Non,ASESB7->Non,ASESB7->Non,ASESB7->Non,ASESB7->Non,ASESB7->Non,ASESB7->Non,ASESB7->Non,ASESB7->Non,ASESB7->Non,ASESB7->Non,ASESB7->Non,ASESB7->Non,ASESB7->Non,ASESB7->Non,ASESB7->Non,ASESB7->Non,ASESB7->Non,ASESB7->Non,ASESB7->Non,ASESB7->Non,ASESB7->Non,ASESB7->Non,ASESB7->Non,ASESB7->Non,MQGSPBK7->Closed,MQGSPBK7->Closed,MQGSPBK7->Closed,MQGSPBK7->Closed,MQGSPBK7->Started,MQGSPBK7->Started,MQGSPBK7->Started,MQGSPBK7->Started,MQGSPBK7->Closed,MQGSPBK7->Closed,MQGSPBK7->Started,ASESB7->Non,ASESB7->Non,ASESB7->Non,ASESB7->Non,ASESB7->Non,ASESB7->Non,ASESB7->Non,ASESB7->Non,ASESB7->Non,ASESB7->Non,ASESB7->Non,ASESB7->Non,ASESB7->Non,ASESB7->Non,ASESB7->Non,ASESB7->Non,ASESB7->Non,ASESB7->Non,ASESB7->Non,ASESB7->Non,ASESB7->Non,ASESB7->Non,ASESB7->Non,ASESB7->Non,ASESB7->Non,ASESB7->Non,ASESB7->Non,ASESB7->Non,ASESB7->Non,ASESB7->Non,ASESB7->Non,ASESB7->Non,ASESB7->Non,MQGSPBK7->Started,MQGSPBK7->Started,MQGSPBK7->Started,MQGSPBK7->Started,MQGSPBK7->Started,ASESB7->Non,MQGSPBK7->Closed,ASESB7->Non,ASESB7->Non,ASESB7->Non,ASESB7->Non,ASESB7->Non,ASESB7->Non,ASESB7->Non,ASESB7->Non,ASESB7->Non,Non,Non,Non,Non,Non,Non,Non,Non,Started
ASESB8,Started,Started,Started,Started,Started,Started,Started,Started,Started,Started,Started,Non,Started,Started,Started,Open,Started,Started,Started,Started,Started,Started,Started,Started,Non,Non,Started,Non,Started,Started,Non,Started,Started,Started,Started,Started,Started,Started,Started,Started,Started,Started,Started,Started,Started,Started,Started,Started,Started,Started,Started,Started,Non,Non,Non,Non,Non,Non,Non,Non,Non,Non,Non,Non,Non,Non,Non,Non,Non,Non,Non,Non,Non,Non,Non,Non,Non,Non,MQGSPBK8->Started,MQGSPBK8->Started,MQGSPBK8->Started,MQGSPBK8->Started,MQGSPBK8->Started,MQGSPBK8->Started,MQGSPBK8->Started,MQGSPBK8->Started,MQGSPBK8->Started,MQGSPBK8->Closed,MQGSPBK8->Closed,MQGSPBK8->Closed,MQGSPBK8->Closed,ASESB8->Non,ASESB8->Non,ASESB8->Non,ASESB8->Non,ASESB8->Non,ASESB8->Non,ASESB8->Non,ASESB8->Non,ASESB8->Non,ASESB8->Non,ASESB8->Non,ASESB8->Non,ASESB8->Non,ASESB8->Non,ASESB8->Non,ASESB8->Non,ASESB8->Non,ASESB8->Non,ASESB8->Non,ASESB8->Non,ASESB8->Non,ASESB8->Non,ASESB8->Non,ASESB8->Non,ASESB8->Non,ASESB8->Non,ASESB8->Non,ASESB8->Non,ASESB8->Non,ASESB8->Non,ASESB8->Non,ASESB8->Non,ASESB8->Non,ASESB8->Non,ASESB8->Non,ASESB8->Non,ASESB8->Non,ASESB8->Non,ASESB8->Non,ASESB8->Non,ASESB8->Non,ASESB8->Non,ASESB8->Non,ASESB8->Non,ASESB8->Non,ASESB8->Non,ASESB8->Non,ASESB8->Non,ASESB8->Non,ASESB8->Non,ASESB8->Non,ASESB8->Non,MQGSPBK8->Started,MQGSPBK8->Started,MQGSPBK8->Started,MQGSPBK8->Started,MQGSPBK8->Started,MQGSPBK8->Started,MQGSPBK8->Started,MQGSPBK8->Started,MQGSPBK8->Started,ASESB8->Non,ASESB8->Non,ASESB8->Non,ASESB8->Non,ASESB8->Non,ASESB8->Non,ASESB8->Non,ASESB8->Non,ASESB8->Non,ASESB8->Non,ASESB8->Non,ASESB8->Non,ASESB8->Non,ASESB8->Non,ASESB8->Non,ASESB8->Non,ASESB8->Non,ASESB8->Non,ASESB8->Non,ASESB8->Non,ASESB8->Non,ASESB8->Non,ASESB8->Non,ASESB8->Non,MQGSPBK8->Started,MQGSPBK8->Started,MQGSPBK8->Started,MQGSPBK8->Started,MQGSPBK8->Started,ASESB8->Non,MQGSPBK8->Closed,ASESB8->Non,ASESB8->Non,ASESB8->Non,ASESB8->Non,MQGSPBK8->Closed,ASESB8->Non,ASESB8->Non,ASESB8->Non,ASESB8->Non,Non,Non,Non,Non,Non,Non,Non,Non,Started
ASESB9,Started,Started,Started,Started,Started,Started,Started,Started,Started,Started,Started,Non,Started,Started,Started,Started,Started,Started,Started,Started,Started,Started,Started,Started,Non,Started,Started,Non,Started,Started,Non,Open,Started,Started,Open,Started,Started,Started,Started,Started,Started,Started,Started,Started,Started,Started,Started,Started,Started,Started,Started,Started,Non,Non,Non,Non,Non,Non,Non,Non,Non,Non,Non,Non,Non,Non,Non,Non,Non,Non,Non,Non,Non,Non,Non,Non,Non,Non,MQGSPBK9->Started,MQGSPBK9->Started,MQGSPBK9->Started,MQGSPBK9->Started,MQGSPBK9->Started,MQGSPBK9->Started,MQGSPBK9->Started,MQGSPBK9->Started,MQGSPBK9->Started,MQGSPBK9->Closed,MQGSPBK9->Closed,MQGSPBK9->Closed,MQGSPBK9->Closed,ASESB9->Non,ASESB9->Non,ASESB9->Non,ASESB9->Non,ASESB9->Non,ASESB9->Non,ASESB9->Non,ASESB9->Non,ASESB9->Non,ASESB9->Non,ASESB9->Non,ASESB9->Non,ASESB9->Non,ASESB9->Non,ASESB9->Non,ASESB9->Non,ASESB9->Non,ASESB9->Non,ASESB9->Non,ASESB9->Non,ASESB9->Non,ASESB9->Non,ASESB9->Non,ASESB9->Non,ASESB9->Non,ASESB9->Non,ASESB9->Non,ASESB9->Non,ASESB9->Non,ASESB9->Non,ASESB9->Non,ASESB9->Non,ASESB9->Non,ASESB9->Non,ASESB9->Non,ASESB9->Non,ASESB9->Non,ASESB9->Non,ASESB9->Non,ASESB9->Non,ASESB9->Non,ASESB9->Non,ASESB9->Non,ASESB9->Non,ASESB9->Non,ASESB9->Non,ASESB9->Non,ASESB9->Non,ASESB9->Non,ASESB9->Non,ASESB9->Non,ASESB9->Non,ASESB9->Non,ASESB9->Non,ASESB9->Non,ASESB9->Non,ASESB9->Non,ASESB9->Non,ASESB9->Non,ASESB9->Non,ASESB9->Non,MQGSPBK9->Started,MQGSPBK9->Started,MQGSPBK9->Started,MQGSPBK9->Started,MQGSPBK9->Started,MQGSPBK9->Started,MQGSPBK9->Started,MQGSPBK9->Started,MQGSPBK9->Started,ASESB9->Non,ASESB9->Non,ASESB9->Non,ASESB9->Non,ASESB9->Non,ASESB9->Non,ASESB9->Non,ASESB9->Non,ASESB9->Non,ASESB9->Non,ASESB9->Non,ASESB9->Non,ASESB9->Non,ASESB9->Non,ASESB9->Non,MQGSPBK9->Started,MQGSPBK9->Started,MQGSPBK9->Started,MQGSPBK9->Started,MQGSPBK9->Started,ASESB9->Non,MQGSPBK9->Started,ASESB9->Non,ASESB9->Non,ASESB9->Non,ASESB9->Non,ASESB9->Non,ASESB9->Non,ASESB9->Non,ASESB9->Non,ASESB9->Non,Non,Non,Non,Non,Non,Non,Non,Non,Started
ASESB10,Started,Started,Started,Started,Started,Started,Started,Started,Started,Started,Started,Non,Started,Started,Started,Started,Started,Started,Started,Started,Started,Started,Started,Started,Non,Started,Started,Non,Started,Started,Non,Open,Started,Started,Open,Started,Started,Started,Started,Started,Started,Started,Started,Started,Started,Started,Started,Started,Started,Started,Started,Started,Non,Non,Non,Non,Non,Non,Non,Non,Non,Non,Non,Non,Non,Non,Non,Non,Non,Non,Non,Non,Non,Non,Non,Non,Non,Non,MQGSPBK10->Started,MQGSPBK10->Started,MQGSPBK10->Started,MQGSPBK10->Started,MQGSPBK10->Started,MQGSPBK10->Started,MQGSPBK10->Started,MQGSPBK10->Started,MQGSPBK10->Started,MQGSPBK10->Closed,MQGSPBK10->Closed,MQGSPBK10->Closed,MQGSPBK10->Closed,MQGSPBK10->Started,MQGSPBK10->Started,MQGSPBK10->Started,MQGSPBK10->Started,MQGSPBK10->Closed,MQGSPBK10->Started,MQGSPBK10->Started,MQGSPBK10->Started,ASESB10->Non,ASESB10->Non,ASESB10->Non,ASESB10->Non,ASESB10->Non,ASESB10->Non,ASESB10->Non,ASESB10->Non,ASESB10->Non,ASESB10->Non,ASESB10->Non,ASESB10->Non,ASESB10->Non,ASESB10->Non,ASESB10->Non,ASESB10->Non,ASESB10->Non,ASESB10->Non,ASESB10->Non,ASESB10->Non,ASESB10->Non,ASESB10->Non,ASESB10->Non,ASESB10->Non,ASESB10->Non,ASESB10->Non,ASESB10->Non,ASESB10->Non,ASESB10->Non,ASESB10->Non,ASESB10->Non,ASESB10->Non,ASESB10->Non,ASESB10->Non,ASESB10->Non,ASESB10->Non,ASESB10->Non,ASESB10->Non,ASESB10->Non,ASESB10->Non,ASESB10->Non,ASESB10->Non,ASESB10->Non,ASESB10->Non,ASESB10->Non,ASESB10->Non,ASESB10->Non,ASESB10->Non,ASESB10->Non,ASESB10->Non,ASESB10->Non,ASESB10->Non,ASESB10->Non,ASESB10->Non,ASESB10->Non,ASESB10->Non,ASESB10->Non,ASESB10->Non,ASESB10->Non,ASESB10->Non,ASESB10->Non,ASESB10->Non,ASESB10->Non,ASESB10->Non,ASESB10->Non,ASESB10->Non,ASESB10->Non,ASESB10->Non,ASESB10->Non,ASESB10->Non,ASESB10->Non,ASESB10->Non,ASESB10->Non,ASESB10->Non,ASESB10->Non,ASESB10->Non,ASESB10->Non,MQGSPBK10->Started,MQGSPBK10->Started,MQGSPBK10->Started,MQGSPBK10->Started,MQGSPBK10->Started,MQGSPBK10->Closed,MQGSPBK10->Closed,ASESB10->Non,ASESB10->Non,ASESB10->Non,ASESB10->Non,ASESB10->Non,ASESB10->Non,ASESB10->Non,ASESB10->Non,ASESB10->Non,Non,Non,Non,Non,Non,Non,Non,Non,Started
ASESB11,Started,Started,Started,Started,Started,Started,Started,Started,Started,Started,Started,Non,Started,Started,Started,Started,Started,Started,Started,Started,Started,Started,Started,Non,Non,Non,Non,Non,Started,Started,Non,Open,Started,Started,Open,Started,Started,Started,Started,Started,Started,Started,Started,Started,Started,Started,Started,Started,Started,Started,Started,Started,Non,Non,Non,Non,Non,Non,Non,Non,Non,Non,Non,Non,Non,Non,Non,Non,Non,Non,Non,Non,Non,Non,Non,Non,Non,Non,MQGSPBK11->Started,MQGSPBK11->Started,MQGSPBK11->Started,MQGSPBK11->Started,MQGSPBK11->Started,MQGSPBK11->Started,MQGSPBK11->Started,MQGSPBK11->Started,MQGSPBK11->Started,MQGSPBK11->Started,MQGSPBK11->Started,MQGSPBK11->Started,MQGSPBK11->Started,ASESB11->Non,ASESB11->Non,ASESB11->Non,ASESB11->Non,ASESB11->Non,ASESB11->Non,ASESB11->Non,ASESB11->Non,ASESB11->Non,ASESB11->Non,ASESB11->Non,ASESB11->Non,ASESB11->Non,ASESB11->Non,ASESB11->Non,ASESB11->Non,ASESB11->Non,ASESB11->Non,ASESB11->Non,ASESB11->Non,ASESB11->Non,ASESB11->Non,ASESB11->Non,ASESB11->Non,ASESB11->Non,ASESB11->Non,ASESB11->Non,ASESB11->Non,ASESB11->Non,ASESB11->Non,ASESB11->Non,ASESB11->Non,ASESB11->Non,ASESB11->Non,ASESB11->Non,ASESB11->Non,ASESB11->Non,ASESB11->Non,ASESB11->Non,ASESB11->Non,ASESB11->Non,ASESB11->Non,ASESB11->Non,ASESB11->Non,ASESB11->Non,ASESB11->Non,ASESB11->Non,ASESB11->Non,ASESB11->Non,ASESB11->Non,ASESB11->Non,ASESB11->Non,ASESB11->Non,ASESB11->Non,ASESB11->Non,ASESB11->Non,ASESB11->Non,ASESB11->Non,ASESB11->Non,ASESB11->Non,ASESB11->Non,ASESB11->Non,ASESB11->Non,ASESB11->Non,ASESB11->Non,ASESB11->Non,ASESB11->Non,ASESB11->Non,ASESB11->Non,ASESB11->Non,ASESB11->Non,ASESB11->Non,ASESB11->Non,ASESB11->Non,ASESB11->Non,ASESB11->Non,ASESB11->Non,ASESB11->Non,ASESB11->Non,ASESB11->Non,ASESB11->Non,ASESB11->Non,ASESB11->Non,ASESB11->Non,ASESB11->Non,MQGSPBK11->Started,MQGSPBK11->Started,MQGSPBK11->Started,MQGSPBK11->Started,MQGSPBK11->Started,ASESB11->Non,ASESB11->Non,ASESB11->Non,ASESB11->Non,ASESB11->Non,ASESB11->Non,ASESB11->Non,ASESB11->Non,ASESB11->Non,ASESB11->Non,ASESB11->Non,Non,Non,Non,Non,Non,Non,Non,Non,Started
GWESB5,Started,Started,Started,Started,Started,Started,Started,Started,Started,Started,Started,Non,Started,Started,Started,Started,Started,Started,Started,Started,Started,Started,Started,Non,Non,Non,Non,Non,Started,Started,Non,Open,Started,Started,Open,Open,Started,Started,Started,Started,Started,Started,Started,Started,Started,Started,Started,Started,Started,Started,Started,Started,Non,Non,Non,Non,Non,Non,Non,Non,Non,Non,Non,Non,Non,Non,Non,Non,Non,Non,Non,Non,Non,Non,Non,Non,Non,Non,MQGSPGW5->Started,MQGSPGW5->Started,MQGSPGW5->Started,MQGSPGW5->Started,MQGSPGW5->Started,MQGSPGW5->Started,MQGSPGW5->Started,MQGSPGW5->Started,MQGSPGW5->Started,MQGSPGW5->Started,MQGSPGW5->Started,MQGSPGW5->Started,MQGSPGW5->Started,GWESB5->Non,GWESB5->Non,GWESB5->Non,GWESB5->Non,GWESB5->Non,GWESB5->Non,GWESB5->Non,GWESB5->Non,GWESB5->Non,GWESB5->Non,GWESB5->Non,GWESB5->Non,GWESB5->Non,GWESB5->Non,GWESB5->Non,GWESB5->Non,GWESB5->Non,GWESB5->Non,GWESB5->Non,GWESB5->Non,GWESB5->Non,GWESB5->Non,GWESB5->Non,GWESB5->Non,GWESB5->Non,GWESB5->Non,GWESB5->Non,GWESB5->Non,GWESB5->Non,GWESB5->Non,GWESB5->Non,GWESB5->Non,GWESB5->Non,GWESB5->Non,GWESB5->Non,GWESB5->Non,GWESB5->Non,GWESB5->Non,GWESB5->Non,GWESB5->Non,GWESB5->Non,GWESB5->Non,GWESB5->Non,GWESB5->Non,GWESB5->Non,GWESB5->Non,GWESB5->Non,GWESB5->Non,GWESB5->Non,GWESB5->Non,GWESB5->Non,GWESB5->Non,GWESB5->Non,GWESB5->Non,GWESB5->Non,GWESB5->Non,GWESB5->Non,GWESB5->Non,GWESB5->Non,GWESB5->Non,GWESB5->Non,GWESB5->Non,GWESB5->Non,GWESB5->Non,GWESB5->Non,GWESB5->Non,GWESB5->Non,GWESB5->Non,GWESB5->Non,GWESB5->Non,GWESB5->Non,GWESB5->Non,GWESB5->Non,GWESB5->Non,GWESB5->Non,GWESB5->Non,GWESB5->Non,GWESB5->Non,GWESB5->Non,GWESB5->Non,GWESB5->Non,GWESB5->Non,GWESB5->Non,GWESB5->Non,GWESB5->Non,MQGSPGW5->Started,MQGSPGW5->Started,MQGSPGW5->Started,MQGSPGW5->Started,MQGSPGW5->Started,GWESB5->Non,GWESB5->Non,GWESB5->Non,GWESB5->Non,GWESB5->Non,GWESB5->Non,GWESB5->Non,GWESB5->Non,GWESB5->Non,GWESB5->Non,GWESB5->Non,Non,Non,Non,Non,Non,Non,Non,Non,Started
GWESB6,Started,Started,Started,Started,Started,Started,Started,Started,Started,Started,Started,Non,Started,Started,Started,Started,Started,Started,Started,Started,Started,Started,Started,Non,Non,Non,Non,Non,Started,Started,Non,Open,Started,Started,Open,Open,Started,Started,Started,Started,Started,Started,Started,Started,Started,Started,Started,Started,Started,Started,Started,Started,Non,Non,Non,Non,Non,Non,Non,Non,Non,Non,Non,Non,Non,Non,Non,Non,Non,Non,Non,Non,Non,Non,Non,Non,Non,Non,MQGSPGW6->Started,MQGSPGW6->Started,MQGSPGW6->Started,MQGSPGW6->Started,MQGSPGW6->Started,MQGSPGW6->Started,MQGSPGW6->Started,MQGSPGW6->Started,MQGSPGW6->Started,MQGSPGW6->Started,MQGSPGW6->Started,MQGSPGW6->Started,MQGSPGW6->Started,GWESB6->Non,GWESB6->Non,GWESB6->Non,GWESB6->Non,GWESB6->Non,GWESB6->Non,GWESB6->Non,GWESB6->Non,GWESB6->Non,GWESB6->Non,GWESB6->Non,GWESB6->Non,GWESB6->Non,GWESB6->Non,GWESB6->Non,GWESB6->Non,GWESB6->Non,GWESB6->Non,GWESB6->Non,GWESB6->Non,GWESB6->Non,GWESB6->Non,GWESB6->Non,GWESB6->Non,GWESB6->Non,GWESB6->Non,GWESB6->Non,GWESB6->Non,GWESB6->Non,GWESB6->Non,GWESB6->Non,GWESB6->Non,GWESB6->Non,GWESB6->Non,GWESB6->Non,GWESB6->Non,GWESB6->Non,GWESB6->Non,GWESB6->Non,GWESB6->Non,GWESB6->Non,GWESB6->Non,GWESB6->Non,GWESB6->Non,GWESB6->Non,GWESB6->Non,GWESB6->Non,GWESB6->Non,GWESB6->Non,GWESB6->Non,GWESB6->Non,GWESB6->Non,GWESB6->Non,GWESB6->Non,GWESB6->Non,GWESB6->Non,GWESB6->Non,GWESB6->Non,GWESB6->Non,GWESB6->Non,GWESB6->Non,GWESB6->Non,GWESB6->Non,GWESB6->Non,GWESB6->Non,GWESB6->Non,GWESB6->Non,GWESB6->Non,GWESB6->Non,GWESB6->Non,GWESB6->Non,GWESB6->Non,GWESB6->Non,GWESB6->Non,GWESB6->Non,GWESB6->Non,GWESB6->Non,GWESB6->Non,GWESB6->Non,GWESB6->Non,GWESB6->Non,GWESB6->Non,GWESB6->Non,GWESB6->Non,GWESB6->Non,MQGSPGW6->Started,MQGSPGW6->Started,MQGSPGW6->Started,MQGSPGW6->Started,MQGSPGW6->Started,GWESB6->Non,GWESB6->Non,GWESB6->Non,GWESB6->Non,GWESB6->Non,GWESB6->Non,GWESB6->Non,GWESB6->Non,GWESB6->Non,GWESB6->Non,GWESB6->Non,Non,Non,Non,Non,Non,Non,Non,Non,Started
GWESB1,Started,Started,Started,Closed,Started,Started,Started,Started,Started,Started,Started,Non,Started,Started,Started,Started,Started,Open,Started,Started,Started,Started,Started,Started,Started,Non,Non,Non,Started,Started,Non,Started,Started,Started,Started,Started,Started,Started,Started,Started,Started,Started,Started,Started,Started,Started,Started,Started,Started,Started,Started,Started,Non,Non,Non,Non,Non,Non,Non,Non,Non,Non,Non,Non,Non,Non,Non,Non,Non,Non,Non,Non,Non,Non,Non,Non,Non,Non,MQGSPGW1->Started|MQESBGW1->Closed,MQGSPGW1->Started|MQESBGW1->Closed,MQGSPGW1->Started|MQESBGW1->Started,MQGSPGW1->Started|MQESBGW1->Started,MQGSPGW1->Started|MQESBGW1->Started,MQGSPGW1->Started|MQESBGW1->Started,MQGSPGW1->Started|MQESBGW1->Started,MQGSPGW1->Started|MQESBGW1->Started,MQGSPGW1->Started|MQESBGW1->Started,MQGSPGW1->Started|MQESBGW1->Closed,MQGSPGW1->Started|MQESBGW1->Closed,MQGSPGW1->Started|MQESBGW1->Closed,MQGSPGW1->Started|MQESBGW1->Started,GWESB1->Non,GWESB1->Non,GWESB1->Non,GWESB1->Non,GWESB1->Non,GWESB1->Non,GWESB1->Non,GWESB1->Non,GWESB1->Non,GWESB1->Non,GWESB1->Non,GWESB1->Non,GWESB1->Non,GWESB1->Non,GWESB1->Non,GWESB1->Non,GWESB1->Non,GWESB1->Non,GWESB1->Non,GWESB1->Non,GWESB1->Non,GWESB1->Non,GWESB1->Non,GWESB1->Non,GWESB1->Non,GWESB1->Non,GWESB1->Non,GWESB1->Non,GWESB1->Non,GWESB1->Non,GWESB1->Non,GWESB1->Non,GWESB1->Non,GWESB1->Non,GWESB1->Non,GWESB1->Non,GWESB1->Non,GWESB1->Non,GWESB1->Non,GWESB1->Non,GWESB1->Non,GWESB1->Non,GWESB1->Non,GWESB1->Non,GWESB1->Non,GWESB1->Non,GWESB1->Non,GWESB1->Non,GWESB1->Non,GWESB1->Non,GWESB1->Non,GWESB1->Non,GWESB1->Non,GWESB1->Non,GWESB1->Non,GWESB1->Non,GWESB1->Non,GWESB1->Non,GWESB1->Non,GWESB1->Non,GWESB1->Non,GWESB1->Non,GWESB1->Non,GWESB1->Non,GWESB1->Non,GWESB1->Non,GWESB1->Non,GWESB1->Non,GWESB1->Non,GWESB1->Non,MQGSPGW1->Closed|MQESBGW1->Started,MQGSPGW1->Closed|MQESBGW1->Started,MQGSPGW1->Started|MQESBGW1->Started,GWESB1->Non,GWESB1->Non,GWESB1->Non,GWESB1->Non,GWESB1->Non,GWESB1->Non,GWESB1->Non,GWESB1->Non,GWESB1->Non,GWESB1->Non,GWESB1->Non,GWESB1->Non,MQGSPGW1->Started|MQESBGW1->Started,MQGSPGW1->Started|MQESBGW1->Started,MQGSPGW1->Started|MQESBGW1->Started,MQGSPGW1->Started|MQESBGW1->Started,MQGSPGW1->Started|MQESBGW1->Started,GWESB1->Non,GWESB1->Non,GWESB1->Non,GWESB1->Non,GWESB1->Non,GWESB1->Non,GWESB1->Non,GWESB1->Non,GWESB1->Non,GWESB1->Non,GWESB1->Non,Non,Non,Non,Non,Non,Non,Non,Non,Started
GWESB2,Started,Started,Started,Closed,Closed,Closed,Closed,Started,Started,Started,Started,Non,Started,Closed,Started,Started,Open,Started,Started,Started,Started,Started,Started,Started,Started,Non,Non,Non,Started,Started,Non,Started,Started,Started,Started,Started,Started,Started,Started,Started,Started,Started,Started,Started,Started,Started,Started,Started,Started,Started,Started,Started,Non,Non,Non,Non,Non,Non,Non,Non,Non,Non,Non,Non,Non,Non,Non,Non,Non,Non,Non,Non,Non,Non,Non,Non,Non,Non,MQGSPGWA->Closed|MQESBGWA->Started,MQGSPGWA->Closed|MQESBGWA->Started,MQGSPGWA->Started|MQESBGWA->Started,MQGSPGWA->Started|MQESBGWA->Started,MQGSPGWA->Started|MQESBGWA->Started,MQGSPGWA->Started|MQESBGWA->Started,MQGSPGWA->Open|MQESBGWA->Open,MQGSPGWA->Started|MQESBGWA->Started,MQGSPGWA->Started|MQESBGWA->Started,MQGSPGWA->Open|MQESBGWA->Closed,MQGSPGWA->Started|MQESBGWA->Closed,MQGSPGWA->Started|MQESBGWA->Closed,MQGSPGWA->Closed|MQESBGWA->Started,GWESB2->Non,GWESB2->Non,GWESB2->Non,GWESB2->Non,GWESB2->Non,GWESB2->Non,GWESB2->Non,GWESB2->Non,GWESB2->Non,GWESB2->Non,GWESB2->Non,GWESB2->Non,GWESB2->Non,GWESB2->Non,GWESB2->Non,GWESB2->Non,GWESB2->Non,GWESB2->Non,GWESB2->Non,GWESB2->Non,GWESB2->Non,GWESB2->Non,GWESB2->Non,GWESB2->Non,GWESB2->Non,GWESB2->Non,GWESB2->Non,GWESB2->Non,GWESB2->Non,GWESB2->Non,GWESB2->Non,GWESB2->Non,GWESB2->Non,GWESB2->Non,GWESB2->Non,GWESB2->Non,GWESB2->Non,GWESB2->Non,GWESB2->Non,GWESB2->Non,GWESB2->Non,GWESB2->Non,GWESB2->Non,GWESB2->Non,GWESB2->Non,GWESB2->Non,GWESB2->Non,GWESB2->Non,GWESB2->Non,GWESB2->Non,GWESB2->Non,GWESB2->Non,GWESB2->Non,GWESB2->Non,GWESB2->Non,GWESB2->Non,GWESB2->Non,GWESB2->Non,GWESB2->Non,GWESB2->Non,GWESB2->Non,GWESB2->Non,GWESB2->Non,GWESB2->Non,GWESB2->Non,GWESB2->Non,GWESB2->Non,GWESB2->Non,GWESB2->Non,GWESB2->Non,GWESB2->Non,GWESB2->Non,GWESB2->Non,MQGSPGWA->Closed,MQGSPGWA->Started,MQGSPGWA->Started,MQGSPGWA->Closed,MQGSPGWA->Started,MQGSPGWA->Started,GWESB2->Non,GWESB2->Non,GWESB2->Non,GWESB2->Non,GWESB2->Non,GWESB2->Non,MQGSPGWA->Started|MQESBGWA->Started,MQGSPGWA->Started|MQESBGWA->Started,MQGSPGWA->Started|MQESBGWA->Started,MQGSPGWA->Started|MQESBGWA->Started,MQGSPGWA->Started|MQESBGWA->Started,GWESB2->Non,MQGSPGWA->Closed,GWESB2->Non,GWESB2->Non,GWESB2->Non,GWESB2->Non,GWESB2->Non,MQGSPGWA->Closed,GWESB2->Non,MQGSPGWA->Closed,GWESB2->Non,Non,Non,Non,Non,Non,Non,Non,Non,Started
GWESB3,Started,Started,Started,Started,Started,Started,Started,Started,Started,Started,Started,Non,Started,Started,Started,Started,Started,Started,Started,Started,Started,Started,Started,Started,Started,Non,Non,Non,Started,Started,Non,Started,Started,Started,Started,Started,Started,Started,Started,Started,Started,Started,Started,Started,Started,Started,Started,Started,Started,Started,Started,Started,Non,Non,Non,Non,Non,Non,Non,Non,Non,Non,Non,Non,Non,Non,Non,Non,Non,Non,Non,Non,Non,Non,Non,Non,Non,Non,MQGSPGW3->Started|MQGSPBRG->Started,MQGSPGW3->Started|MQGSPBRG->Started,MQGSPGW3->Started|MQGSPBRG->Started,MQGSPGW3->Started|MQGSPBRG->Started,MQGSPGW3->Started|MQGSPBRG->Started,MQGSPGW3->Started|MQGSPBRG->Started,MQGSPGW3->Started|MQGSPBRG->Started,MQGSPGW3->Started|MQGSPBRG->Started,MQGSPGW3->Started|MQGSPBRG->Started,MQGSPGW3->Closed|MQGSPBRG->Started,MQGSPGW3->Closed|MQGSPBRG->Started,MQGSPGW3->Closed|MQGSPBRG->Started,MQGSPGW3->Closed|MQGSPBRG->Started,GWESB3->Non,GWESB3->Non,GWESB3->Non,GWESB3->Non,GWESB3->Non,GWESB3->Non,GWESB3->Non,GWESB3->Non,GWESB3->Non,GWESB3->Non,GWESB3->Non,GWESB3->Non,GWESB3->Non,GWESB3->Non,GWESB3->Non,GWESB3->Non,GWESB3->Non,GWESB3->Non,GWESB3->Non,GWESB3->Non,GWESB3->Non,GWESB3->Non,GWESB3->Non,GWESB3->Non,GWESB3->Non,GWESB3->Non,GWESB3->Non,GWESB3->Non,GWESB3->Non,GWESB3->Non,GWESB3->Non,GWESB3->Non,GWESB3->Non,GWESB3->Non,GWESB3->Non,GWESB3->Non,GWESB3->Non,GWESB3->Non,GWESB3->Non,GWESB3->Non,GWESB3->Non,GWESB3->Non,GWESB3->Non,GWESB3->Non,GWESB3->Non,GWESB3->Non,GWESB3->Non,GWESB3->Non,GWESB3->Non,GWESB3->Non,GWESB3->Non,GWESB3->Non,GWESB3->Non,GWESB3->Non,GWESB3->Non,GWESB3->Non,GWESB3->Non,GWESB3->Non,GWESB3->Non,GWESB3->Non,GWESB3->Non,GWESB3->Non,GWESB3->Non,GWESB3->Non,GWESB3->Non,GWESB3->Non,GWESB3->Non,GWESB3->Non,GWESB3->Non,GWESB3->Non,GWESB3->Non,GWESB3->Non,GWESB3->Non,GWESB3->Non,GWESB3->Non,GWESB3->Non,GWESB3->Non,GWESB3->Non,GWESB3->Non,MQGSPGW3->Closed,MQGSPGW3->Closed,MQGSPGW3->Closed,GWESB3->Non,GWESB3->Non,GWESB3->Non,MQGSPGW3->Started|MQGSPBRG->Started,MQGSPGW3->Started|MQGSPBRG->Started,MQGSPGW3->Started|MQGSPBRG->Started,MQGSPGW3->Started|MQGSPBRG->Started,MQGSPGW3->Started|MQGSPBRG->Started,GWESB3->Non,GWESB3->Non,GWESB3->Non,GWESB3->Non,GWESB3->Non,GWESB3->Non,GWESB3->Non,GWESB3->Non,GWESB3->Non,GWESB3->Non,GWESB3->Non,Non,Non,Non,Non,Non,Non,Non,Non,Started
GWESB4,Started,Started,Started,Started,Started,Started,Started,Started,Started,Started,Started,Non,Started,Started,Started,Started,Started,Started,Started,Started,Started,Started,Started,Started,Non,Non,Non,Started,Started,Started,Non,Open,Started,Started,Open,Started,Started,Started,Started,Started,Started,Started,Started,Started,Started,Started,Started,Started,Started,Started,Started,Started,Non,Non,Non,Non,Non,Non,Non,Non,Non,Non,Non,Non,Non,Non,Non,Non,Non,Non,Non,Non,Non,Non,Non,Non,Non,Non,MQGSP->Started|MQGSPGW4->Started,MQGSP->Started|MQGSPGW4->Started,MQGSP->Started|MQGSPGW4->Started,MQGSP->Started|MQGSPGW4->Started,MQGSP->Started|MQGSPGW4->Started,MQGSP->Started|MQGSPGW4->Started,MQGSP->Started|MQGSPGW4->Started,MQGSP->Started|MQGSPGW4->Started,MQGSP->Started|MQGSPGW4->Started,MQGSP->Closed|MQGSPGW4->Closed,MQGSP->Closed|MQGSPGW4->Closed,MQGSP->Closed|MQGSPGW4->Closed,MQGSP->Started|MQGSPGW4->Started,GWESB4->Non,GWESB4->Non,GWESB4->Non,GWESB4->Non,GWESB4->Non,GWESB4->Non,GWESB4->Non,GWESB4->Non,GWESB4->Non,GWESB4->Non,GWESB4->Non,GWESB4->Non,GWESB4->Non,GWESB4->Non,GWESB4->Non,GWESB4->Non,GWESB4->Non,GWESB4->Non,GWESB4->Non,GWESB4->Non,GWESB4->Non,GWESB4->Non,GWESB4->Non,GWESB4->Non,GWESB4->Non,GWESB4->Non,GWESB4->Non,GWESB4->Non,GWESB4->Non,GWESB4->Non,GWESB4->Non,GWESB4->Non,GWESB4->Non,GWESB4->Non,GWESB4->Non,GWESB4->Non,GWESB4->Non,GWESB4->Non,GWESB4->Non,GWESB4->Non,GWESB4->Non,GWESB4->Non,GWESB4->Non,GWESB4->Non,GWESB4->Non,GWESB4->Non,GWESB4->Non,GWESB4->Non,GWESB4->Non,GWESB4->Non,GWESB4->Non,GWESB4->Non,GWESB4->Non,GWESB4->Non,GWESB4->Non,GWESB4->Non,GWESB4->Non,GWESB4->Non,GWESB4->Non,GWESB4->Non,GWESB4->Non,GWESB4->Non,GWESB4->Non,GWESB4->Non,GWESB4->Non,GWESB4->Non,GWESB4->Non,GWESB4->Non,GWESB4->Non,GWESB4->Non,GWESB4->Non,GWESB4->Non,GWESB4->Non,GWESB4->Non,GWESB4->Non,GWESB4->Non,GWESB4->Non,GWESB4->Non,GWESB4->Non,GWESB4->Non,GWESB4->Non,GWESB4->Non,MQGSP->Started|MQGSPGW4->Started,MQGSP->Started|MQGSPGW4->Started,MQGSP->Started|MQGSPGW4->Started,MQGSP->Started|MQGSPGW4->Started,MQGSP->Started|MQGSPGW4->Started,MQGSP->Started|MQGSPGW4->Started,MQGSP->Started|MQGSPGW4->Started,MQGSP->Started|MQGSPGW4->Started,GWESB4->Non,GWESB4->Non,GWESB4->Non,GWESB4->Non,GWESB4->Non,GWESB4->Non,GWESB4->Non,GWESB4->Non,MQGSP->Closed|MQGSPGW4->Started,GWESB4->Non,MQGSP->Started|MQGSPGW4->Started,Non,Non,Non,Non,Non,Non,Started,Started,Started
DB_ESB_WMB,Started,Started,Started,Closed,Open,Closed,Closed,Started,Started,Started,Started,Non,Started,Started,Started,Started,Started,Open,Started,Started,Started,Started,Started,Non,Non,Started,Non,Non,Started,Started,Started,Started,Started,Started,Started,Started,Started,Started,Started,Started,Started,Started,Started,Started,Started,Started,Started,Started,Started,Started,Started,Started,db2igsp->Closed,db2igsp->Started,db2igsp->Started,db2igsp->Started,db2igsp->Started,db2igsp->Started,db2igsp->Started,db2igsp->Open,db2igsp->Started,db2igsp->Started,db2igsp->Started,db2igsp->Started,db2igsp->Started,db2igsp->Started,db2igsp->Started,db2igsp->Started,db2igsp->Started,db2igsp->Started,db2igsp->Started,db2igsp->Started,db2igsp->Started,db2igsp->Closed,db2igsp->Started,db2igsp->Started,db2igsp->Closed,db2igsp->Started,Non,Non,Non,Non,Non,Non,Non,Non,Non,Non,Non,Non,Non,Non,Non,Non,Non,Non,Non,Non,Non,Non,Non,Non,Non,Non,Non,Non,Non,Non,Non,Non,Non,Non,Non,Non,Non,Non,Non,Non,Non,Non,Non,Non,Non,Non,Non,Non,Non,Non,Non,Non,Non,Non,Non,Non,Non,Non,Non,Non,Non,Non,Non,Non,Non,Non,Non,Non,Non,Non,Non,Non,Non,Non,Non,Non,Non,Non,Non,Non,Non,Non,Non,Non,Non,Non,Non,Non,Non,Non,Non,Non,Non,Non,Non,Non,Non,Non,Non,Non,Non,Non,Non,Non,Non,Non,Non,Non,Non,Non,Non,Non,Non,Non,Started,Started,Started,Started,Started,Started,Non,Non,Started
ASGSP03,Started,Started,Started,Closed,Started,Started,Started,Started,Started,Started,Started,Started,Started,Started,Started,Open,Started,Started,Started,Started,Started,Started,Started,Started,Non,Non,Non,Started,Started,Started,Non,Open,Started,Started,Open,Started,Started,Started,Started,Started,Started,Started,Started,Started,Started,Started,Started,Started,Started,Started,Started,Started,Non,Non,Non,Non,Non,Non,Non,Non,Non,Non,Non,Non,Non,Non,Non,Non,Non,Non,Non,Non,Non,Non,Non,Non,Non,Non,MQGSP02->Started,MQGSP02->Started,MQGSP02->Started,MQGSP02->Started,MQGSP02->Started,MQGSP02->Started,MQGSP02->Started,MQGSP02->Started,MQGSP02->Started,MQGSP02->Started,MQGSP02->Started,MQGSP02->Started,MQGSP02->Started,ASGSP03->Non,ASGSP03->Non,ASGSP03->Non,ASGSP03->Non,ASGSP03->Non,ASGSP03->Non,ASGSP03->Non,ASGSP03->Non,ASGSP03->Non,ASGSP03->Non,ASGSP03->Non,ASGSP03->Non,ASGSP03->Non,ASGSP03->Non,ASGSP03->Non,ASGSP03->Non,ASGSP03->Non,ASGSP03->Non,ASGSP03->Non,ASGSP03->Non,ASGSP03->Non,ASGSP03->Non,ASGSP03->Non,ASGSP03->Non,ASGSP03->Non,ASGSP03->Non,ASGSP03->Non,ASGSP03->Non,ASGSP03->Non,ASGSP03->Non,ASGSP03->Non,ASGSP03->Non,ASGSP03->Non,ASGSP03->Non,ASGSP03->Non,ASGSP03->Non,ASGSP03->Non,ASGSP03->Non,ASGSP03->Non,ASGSP03->Non,ASGSP03->Non,ASGSP03->Non,ASGSP03->Non,ASGSP03->Non,ASGSP03->Non,ASGSP03->Non,ASGSP03->Non,ASGSP03->Non,ASGSP03->Non,ASGSP03->Non,ASGSP03->Non,ASGSP03->Non,ASGSP03->Non,ASGSP03->Non,ASGSP03->Non,ASGSP03->Non,ASGSP03->Non,ASGSP03->Non,ASGSP03->Non,ASGSP03->Non,ASGSP03->Non,ASGSP03->Non,ASGSP03->Non,ASGSP03->Non,ASGSP03->Non,ASGSP03->Non,ASGSP03->Non,ASGSP03->Non,ASGSP03->Non,ASGSP03->Non,ASGSP03->Non,ASGSP03->Non,ASGSP03->Non,ASGSP03->Non,ASGSP03->Non,ASGSP03->Non,ASGSP03->Non,ASGSP03->Non,ASGSP03->Non,ASGSP03->Non,ASGSP03->Non,ASGSP03->Non,ASGSP03->Non,ASGSP03->Non,ASGSP03->Non,MQGSP02->Started,MQGSP02->Started,MQGSP02->Started,MQGSP02->Started,MQGSP02->Started,ASGSP03->Non,ASGSP03->Non,ASGSP03->Non,ASGSP03->Non,ASGSP03->Non,ASGSP03->Non,ASGSP03->Non,ASGSP03->Non,ASGSP03->Non,ASGSP03->Non,ASGSP03->Non,Non,Non,Non,Non,Non,Non,Started,Started,Started
ASESB13,Started,Started,Started,Started,Started,Started,Started,Started,Started,Started,Started,Non,Started,Started,Started,Started,Started,Started,Started,Started,Started,Started,Started,Non,Non,Non,Non,Non,Started,Started,Non,Open,Started,Started,Open,Started,Started,Started,Started,Started,Started,Started,Started,Started,Started,Started,Started,Started,Started,Started,Started,Started,Non,Non,Non,Non,Non,Non,Non,Non,Non,Non,Non,Non,Non,Non,Non,Non,Non,Non,Non,Non,Non,Non,Non,Non,Non,Non,MQGSPBK13->Started|MQGSPMGR->Started,MQGSPBK13->Started|MQGSPMGR->Started,MQGSPBK13->Started|MQGSPMGR->Started,MQGSPBK13->Started|MQGSPMGR->Started,MQGSPBK13->Started|MQGSPMGR->Started,MQGSPBK13->Started|MQGSPMGR->Started,MQGSPBK13->Started|MQGSPMGR->Started,MQGSPBK13->Started|MQGSPMGR->Started,MQGSPBK13->Started|MQGSPMGR->Started,MQGSPBK13->Closed|MQGSPMGR->Started,MQGSPBK13->Closed|MQGSPMGR->Started,MQGSPBK13->Closed|MQGSPMGR->Started,MQGSPBK13->Started|MQGSPMGR->Started,ASESB13->Non,ASESB13->Non,ASESB13->Non,ASESB13->Non,ASESB13->Non,ASESB13->Non,ASESB13->Non,ASESB13->Non,ASESB13->Non,ASESB13->Non,ASESB13->Non,ASESB13->Non,ASESB13->Non,ASESB13->Non,ASESB13->Non,ASESB13->Non,ASESB13->Non,ASESB13->Non,ASESB13->Non,ASESB13->Non,ASESB13->Non,ASESB13->Non,ASESB13->Non,ASESB13->Non,ASESB13->Non,ASESB13->Non,ASESB13->Non,ASESB13->Non,ASESB13->Non,ASESB13->Non,ASESB13->Non,ASESB13->Non,ASESB13->Non,ASESB13->Non,ASESB13->Non,ASESB13->Non,ASESB13->Non,ASESB13->Non,ASESB13->Non,ASESB13->Non,ASESB13->Non,ASESB13->Non,ASESB13->Non,ASESB13->Non,ASESB13->Non,ASESB13->Non,ASESB13->Non,ASESB13->Non,ASESB13->Non,ASESB13->Non,ASESB13->Non,ASESB13->Non,ASESB13->Non,ASESB13->Non,ASESB13->Non,ASESB13->Non,ASESB13->Non,ASESB13->Non,ASESB13->Non,ASESB13->Non,ASESB13->Non,ASESB13->Non,ASESB13->Non,ASESB13->Non,ASESB13->Non,ASESB13->Non,ASESB13->Non,ASESB13->Non,ASESB13->Non,ASESB13->Non,ASESB13->Non,ASESB13->Non,ASESB13->Non,ASESB13->Non,ASESB13->Non,ASESB13->Non,ASESB13->Non,ASESB13->Non,ASESB13->Non,ASESB13->Non,ASESB13->Non,ASESB13->Non,ASESB13->Non,ASESB13->Non,ASESB13->Non,MQGSPBK13->Started|MQGSPMGR->Started,MQGSPBK13->Started|MQGSPMGR->Started,MQGSPBK13->Started|MQGSPMGR->Started,MQGSPBK13->Started|MQGSPMGR->Started,MQGSPBK13->Started|MQGSPMGR->Started,ASESB13->Non,ASESB13->Non,MQGSPBK13->Started,MQGSPBK13->Started,ASESB13->Non,ASESB13->Non,ASESB13->Non,ASESB13->Non,ASESB13->Non,ASESB13->Non,ASESB13->Non,Non,Non,Non,Non,Non,Non,Non,Non,Started
ASESB14,Started,Started,Started,Started,Started,Started,Started,Started,Started,Started,Started,Non,Started,Started,Started,Started,Started,Started,Started,Started,Started,Started,Started,Non,Non,Non,Non,Non,Started,Started,Non,Started,Started,Started,Started,Started,Started,Started,Started,Started,Started,Started,Started,Started,Started,Started,Started,Started,Started,Started,Started,Started,Non,Non,Non,Non,Non,Non,Non,Non,Non,Non,Non,Non,Non,Non,Non,Non,Non,Non,Non,Non,Non,Non,Non,Non,Non,Non,MQGSPBK14->Started,MQGSPBK14->Started,MQGSPBK14->Started,MQGSPBK14->Started,MQGSPBK14->Started,MQGSPBK14->Started,MQGSPBK14->Started,MQGSPBK14->Started,MQGSPBK14->Started,MQGSPBK14->Closed,MQGSPBK14->Closed,MQGSPBK14->Closed,MQGSPBK14->Started,ASESB14->Non,ASESB14->Non,ASESB14->Non,ASESB14->Non,ASESB14->Non,ASESB14->Non,ASESB14->Non,ASESB14->Non,ASESB14->Non,ASESB14->Non,ASESB14->Non,ASESB14->Non,ASESB14->Non,ASESB14->Non,ASESB14->Non,ASESB14->Non,ASESB14->Non,ASESB14->Non,ASESB14->Non,ASESB14->Non,ASESB14->Non,ASESB14->Non,ASESB14->Non,ASESB14->Non,ASESB14->Non,ASESB14->Non,ASESB14->Non,ASESB14->Non,ASESB14->Non,ASESB14->Non,ASESB14->Non,ASESB14->Non,ASESB14->Non,ASESB14->Non,ASESB14->Non,ASESB14->Non,ASESB14->Non,ASESB14->Non,ASESB14->Non,ASESB14->Non,ASESB14->Non,ASESB14->Non,ASESB14->Non,ASESB14->Non,ASESB14->Non,ASESB14->Non,ASESB14->Non,ASESB14->Non,ASESB14->Non,ASESB14->Non,ASESB14->Non,ASESB14->Non,ASESB14->Non,ASESB14->Non,ASESB14->Non,ASESB14->Non,ASESB14->Non,ASESB14->Non,ASESB14->Non,ASESB14->Non,ASESB14->Non,ASESB14->Non,ASESB14->Non,ASESB14->Non,ASESB14->Non,ASESB14->Non,ASESB14->Non,ASESB14->Non,ASESB14->Non,ASESB14->Non,ASESB14->Non,ASESB14->Non,ASESB14->Non,ASESB14->Non,ASESB14->Non,ASESB14->Non,ASESB14->Non,ASESB14->Non,ASESB14->Non,ASESB14->Non,ASESB14->Non,ASESB14->Non,ASESB14->Non,ASESB14->Non,ASESB14->Non,MQGSPBK14->Started,MQGSPBK14->Started,MQGSPBK14->Started,MQGSPBK14->Started,MQGSPBK14->Started,ASESB14->Non,ASESB14->Non,ASESB14->Non,ASESB14->Non,MQGSPBK14->Started,MQGSPBK14->Started,ASESB14->Non,ASESB14->Non,ASESB14->Non,ASESB14->Non,ASESB14->Non,Non,Non,Non,Non,Non,Non,Non,Non,Started
GWESB7,Started,Started,Started,Started,Started,Started,Started,Started,Started,Started,Started,Non,Started,Started,Started,Started,Started,Started,Started,Started,Started,Started,Started,Non,Non,Non,Non,Non,Started,Started,Non,Open,Started,Started,Open,Started,Started,Started,Started,Started,Started,Started,Started,Started,Started,Started,Started,Started,Started,Started,Started,Started,Non,Non,Non,Non,Non,Non,Non,Non,Non,Non,Non,Non,Non,Non,Non,Non,Non,Non,Non,Non,Non,Non,Non,Non,Non,Non,MQGSPGW7->Open,MQGSPGW7->Started,MQGSPGW7->Started,MQGSPGW7->Started,MQGSPGW7->Started,MQGSPGW7->Started,MQGSPGW7->Started,MQGSPGW7->Started,MQGSPGW7->Started,MQGSPGW7->Closed,MQGSPGW7->Closed,MQGSPGW7->Closed,MQGSPGW7->Closed,GWESB7->Non,GWESB7->Non,GWESB7->Non,GWESB7->Non,GWESB7->Non,GWESB7->Non,GWESB7->Non,GWESB7->Non,GWESB7->Non,GWESB7->Non,GWESB7->Non,GWESB7->Non,GWESB7->Non,GWESB7->Non,GWESB7->Non,GWESB7->Non,GWESB7->Non,GWESB7->Non,GWESB7->Non,GWESB7->Non,GWESB7->Non,GWESB7->Non,GWESB7->Non,GWESB7->Non,GWESB7->Non,GWESB7->Non,GWESB7->Non,GWESB7->Non,GWESB7->Non,GWESB7->Non,GWESB7->Non,GWESB7->Non,GWESB7->Non,GWESB7->Non,GWESB7->Non,GWESB7->Non,GWESB7->Non,GWESB7->Non,GWESB7->Non,GWESB7->Non,GWESB7->Non,GWESB7->Non,GWESB7->Non,GWESB7->Non,GWESB7->Non,GWESB7->Non,GWESB7->Non,GWESB7->Non,GWESB7->Non,GWESB7->Non,GWESB7->Non,GWESB7->Non,GWESB7->Non,GWESB7->Non,GWESB7->Non,GWESB7->Non,GWESB7->Non,GWESB7->Non,GWESB7->Non,GWESB7->Non,GWESB7->Non,GWESB7->Non,GWESB7->Non,GWESB7->Non,GWESB7->Non,GWESB7->Non,GWESB7->Non,GWESB7->Non,GWESB7->Non,GWESB7->Non,GWESB7->Non,GWESB7->Non,GWESB7->Non,GWESB7->Non,GWESB7->Non,GWESB7->Non,GWESB7->Non,GWESB7->Non,GWESB7->Non,GWESB7->Non,GWESB7->Non,GWESB7->Non,GWESB7->Non,GWESB7->Non,GWESB7->Non,MQGSPGW7->Started,MQGSPGW7->Started,MQGSPGW7->Started,MQGSPGW7->Started,MQGSPGW7->Started,GWESB7->Non,GWESB7->Non,GWESB7->Non,GWESB7->Non,GWESB7->Non,GWESB7->Non,GWESB7->Non,GWESB7->Non,GWESB7->Non,GWESB7->Non,GWESB7->Non,Non,Non,Non,Non,Non,Non,Non,Non,Started
GWESB8,Started,Started,Started,Started,Started,Started,Started,Started,Started,Started,Started,Non,Started,Started,Started,Started,Started,Started,Started,Started,Started,Started,Started,Non,Non,Non,Non,Non,Started,Started,Non,Started,Started,Started,Started,Started,Started,Started,Started,Started,Started,Started,Started,Started,Started,Started,Started,Started,Started,Started,Started,Started,Non,Non,Non,Non,Non,Non,Non,Non,Non,Non,Non,Non,Non,Non,Non,Non,Non,Non,Non,Non,Non,Non,Non,Non,Non,Non,MQGSPGW8->Open,MQGSPGW8->Closed,MQGSPGW8->Started,MQGSPGW8->Started,MQGSPGW8->Started,MQGSPGW8->Started,MQGSPGW8->Started,MQGSPGW8->Started,MQGSPGW8->Started,MQGSPGW8->Closed,MQGSPGW8->Closed,MQGSPGW8->Closed,MQGSPGW8->Started,GWESB8->Non,GWESB8->Non,GWESB8->Non,GWESB8->Non,GWESB8->Non,GWESB8->Non,GWESB8->Non,GWESB8->Non,GWESB8->Non,GWESB8->Non,GWESB8->Non,GWESB8->Non,GWESB8->Non,GWESB8->Non,GWESB8->Non,GWESB8->Non,GWESB8->Non,GWESB8->Non,GWESB8->Non,GWESB8->Non,GWESB8->Non,GWESB8->Non,GWESB8->Non,GWESB8->Non,GWESB8->Non,GWESB8->Non,GWESB8->Non,GWESB8->Non,GWESB8->Non,GWESB8->Non,GWESB8->Non,GWESB8->Non,GWESB8->Non,GWESB8->Non,GWESB8->Non,GWESB8->Non,GWESB8->Non,GWESB8->Non,GWESB8->Non,GWESB8->Non,GWESB8->Non,GWESB8->Non,GWESB8->Non,GWESB8->Non,GWESB8->Non,GWESB8->Non,GWESB8->Non,GWESB8->Non,GWESB8->Non,GWESB8->Non,GWESB8->Non,GWESB8->Non,GWESB8->Non,GWESB8->Non,GWESB8->Non,GWESB8->Non,GWESB8->Non,GWESB8->Non,GWESB8->Non,GWESB8->Non,GWESB8->Non,GWESB8->Non,GWESB8->Non,GWESB8->Non,GWESB8->Non,GWESB8->Non,GWESB8->Non,GWESB8->Non,GWESB8->Non,GWESB8->Non,GWESB8->Non,GWESB8->Non,GWESB8->Non,GWESB8->Non,GWESB8->Non,GWESB8->Non,GWESB8->Non,GWESB8->Non,GWESB8->Non,GWESB8->Non,GWESB8->Non,GWESB8->Non,GWESB8->Non,GWESB8->Non,GWESB8->Non,MQGSPGW8->Started,MQGSPGW8->Started,MQGSPGW8->Started,MQGSPGW8->Started,MQGSPGW8->Started,GWESB8->Non,GWESB8->Non,GWESB8->Non,GWESB8->Non,GWESB8->Non,GWESB8->Non,GWESB8->Non,GWESB8->Non,GWESB8->Non,GWESB8->Non,GWESB8->Non,Non,Non,Non,Non,Non,Non,Non,Non,Started
